qid,group,instruction_type,run,step,fact,original_label,label,reason,evidence_match
4hop3__673447_132409_371500_35031,content,elaborate,0,1,Java is the world's most populous island.,NOT_SUPPORTED,UNVERIFIABLE,"The ground truth mentions that Jakarta is located on the world's most populous island, Java, but does not explicitly state that Java is the world's most populous island.",none
4hop3__673447_132409_371500_35031,content,elaborate,0,1,Jakarta is a province.,NOT_SUPPORTED,DISTORTED,"The claim states that Jakarta is a province, while the ground truth describes Jakarta as a province with special capital region status, indicating it is more than just a province.",Jakarta is officially a province with special capital region status
4hop3__673447_132409_371500_35031,content,elaborate,0,1,Jakarta is generally referred to as a single city.,NOT_SUPPORTED,SUPPORTED,"The ground truth states that Jakarta is commonly referred to as a city, indicating that it is generally viewed as a single entity.","Jakarta is officially a province with special capital region status, yet is commonly referred to as a city."
4hop3__673447_132409_371500_35031,content,elaborate,0,1,The Jakarta provincial government oversees one administrative regency.,NOT_SUPPORTED,DISTORTED,"The claim states that the Jakarta provincial government oversees one administrative regency, but the ground truth mentions that Jakarta administers five administrative cities and one administrative regency, which implies that the claim is misleading regarding the number of administrative cities.",The Jakarta provincial government administers five administrative cities and one administrative regency.
4hop3__673447_132409_371500_35031,content,elaborate,0,1,There is one administrative regency overseen by the Jakarta provincial government.,NOT_SUPPORTED,DISTORTED,"The claim states there is one administrative regency overseen by the Jakarta provincial government, but the ground truth mentions that the Jakarta provincial government administers five administrative cities and one administrative regency.",The Jakarta provincial government administers five administrative cities and one administrative regency.
4hop3__673447_132409_371500_35031,content,elaborate,0,2,Java is the most densely populated island on Earth.,NOT_SUPPORTED,INVENTED,"The claim about Java being the most densely populated island is not mentioned or supported by the ground truth, which focuses on Jakarta and its metropolitan area.",none
4hop3__673447_132409_371500_35031,content,elaborate,0,2,People often refer to Jakarta as a province.,NOT_SUPPORTED,SUPPORTED,"The ground truth states that Jakarta is officially a province with special capital region status, which supports the claim that people often refer to Jakarta as a province.",The Jakarta provincial government administers five administrative cities and one administrative regency.
4hop3__673447_132409_371500_35031,content,elaborate,0,2,The Jakarta provincial administration manages a total of six local government regions.,NOT_SUPPORTED,UNVERIFIABLE,The ground truth mentions that Jakarta is administered by a provincial government but does not specify the number of local government regions managed.,none
4hop3__673447_132409_371500_35031,content,elaborate,0,2,"There is one administrative regency, which is Kampung Bande in West Jakarta.",NOT_SUPPORTED,INVENTED,"The claim introduces specific information about an administrative regency named Kampung Bande in West Jakarta, which is not mentioned in the ground truth.",none
4hop3__673447_132409_371500_35031,content,elaborate,0,3,It has a deep and complex history.,NOT_SUPPORTED,UNVERIFIABLE,"The ground truth does not provide any information regarding the history of the subject in question, making it impossible to verify the claim.",none
4hop3__673447_132409_371500_35031,content,elaborate,0,3,Java is the most densely populated island on the planet.,NOT_SUPPORTED,UNVERIFIABLE,The ground truth does not provide information about the population density of Java or any comparison to other islands.,none
4hop3__673447_132409_371500_35031,content,elaborate,0,3,Java is located on the northwest coast.,NOT_SUPPORTED,SUPPORTED,"The claim that Java is located on the northwest coast is supported by the ground truth, which states that Jakarta is located on the northwest coast of the world's most populous island of Java.",Jakarta is located on the northwest coast of the world's most populous island of Java
4hop3__673447_132409_371500_35031,content,elaborate,0,3,The Jakarta provincial administration oversees six local government districts.,NOT_SUPPORTED,UNVERIFIABLE,The ground truth mentions that Jakarta is administered by a provincial government but does not specify the number of local government districts overseen.,none
4hop3__673447_132409_371500_35031,content,elaborate,0,3,"There are five urban ""kecamatan"" classified as administrative cities.",NOT_SUPPORTED,INVENTED,"The claim about five urban 'kecamatan' classified as administrative cities is not mentioned in the ground truth, which discusses Jakarta's administrative structure but does not specify the number of urban 'kecamatan'.",none
4hop3__673447_132409_371500_35031,content,elaborate,0,3,"The five urban ""kecamatan"" are West Jakarta, North Jakarta, East Jakarta, South Jakarta, and Central Jakarta.",NOT_SUPPORTED,INVENTED,The claim introduces specific names of urban 'kecamatan' in Jakarta that are not mentioned in the ground truth.,none
4hop3__673447_132409_371500_35031,content,elaborate,0,3,"There is one rural ""kecamatan"" called Kampung Bande in West Jakarta.",NOT_SUPPORTED,INVENTED,"The claim introduces information about a rural 'kecamatan' called Kampung Bande in West Jakarta, which is not mentioned in the ground truth.",none
4hop3__673447_132409_371500_35031,content,elaborate,0,3,Kampung Bande is the sole administrative regency within the province.,NOT_SUPPORTED,INVENTED,"The claim introduces information about Kampung Bande being the sole administrative regency, which is not mentioned in the ground truth.",none
4hop3__673447_132409_371500_35031,content,elaborate,0,3,This vast urban conurbation is the second largest in the world.,NOT_SUPPORTED,DISTORTED,"The claim states that the urban conurbation is the second largest in the world, while the ground truth indicates that Greater Jakarta is the second largest urban agglomeration, but does not explicitly state it is the second largest in the world overall.",Greater Jakarta is the second largest urban agglomeration and 2nd largest city area in the world after Tokyo
4hop3__673447_132409_371500_35031,content,elaborate,0,3,The population exceeds 30 million according to the 2010 census.,NOT_SUPPORTED,SUPPORTED,"The claim that the population exceeds 30 million is supported by the ground truth, which states that the Greater Jakarta metropolitan area has a population of 30,214,303 inhabitants as of the 2010 census.","Greater Jakarta metropolitan area... with a population of 30,214,303 inhabitants as of 2010 census."
4hop3__673447_132409_371500_35031,content,elaborate,1,1,Java is the world's most populous island.,NOT_SUPPORTED,UNVERIFIABLE,"The ground truth mentions that Jakarta is located on the world's most populous island, Java, but does not explicitly state that Java is the world's most populous island.",none
4hop3__673447_132409_371500_35031,content,elaborate,1,1,The city has higher living standards.,NOT_SUPPORTED,UNVERIFIABLE,"The ground truth does not provide specific information about living standards in the city, making it impossible to verify the claim.",none
4hop3__673447_132409_371500_35031,content,elaborate,1,2,Java is the most densely populated island in the world.,NOT_SUPPORTED,UNVERIFIABLE,The ground truth does not provide information about the population density of Java or any comparison to other islands.,none
4hop3__673447_132409_371500_35031,content,elaborate,1,2,The larger metropolitan region is the second largest urban agglomeration globally after Tokyo.,NOT_SUPPORTED,SUPPORTED,"The claim that the larger metropolitan region is the second largest urban agglomeration globally after Tokyo is supported by the ground truth, which states that the Greater Jakarta metropolitan area is the second largest urban agglomeration in the world after Tokyo.",Greater Jakarta metropolitan area is the second largest urban agglomeration and 2nd largest city area in the world after Tokyo
4hop3__673447_132409_371500_35031,content,elaborate,1,2,The Jakarta provincial government has jurisdiction over one regency.,NOT_SUPPORTED,DISTORTED,"The claim states that the Jakarta provincial government has jurisdiction over one regency, but the ground truth mentions that Jakarta administers five administrative cities and one administrative regency, which implies more than one regency.",The Jakarta provincial government administers five administrative cities and one administrative regency.
4hop3__673447_132409_371500_35031,content,elaborate,1,3,Java is the world's most densely populated island.,NOT_SUPPORTED,UNVERIFIABLE,"The ground truth mentions that Jakarta is located on the world's most populous island, Java, but does not provide information about its population density or whether it is the most densely populated island.",none
4hop3__673447_132409_371500_35031,content,elaborate,1,3,Jakarta is the country's main hub for cultural activities.,NOT_SUPPORTED,UNVERIFIABLE,"The ground truth mentions Jakarta as the center of economics, culture, and politics of Indonesia, but does not explicitly state that it is the main hub for cultural activities.",none
4hop3__673447_132409_371500_35031,content,elaborate,1,3,Jakarta is the country's main hub for political activities.,NOT_SUPPORTED,SUPPORTED,"The ground truth states that Jakarta is the center of economics, culture, and politics of Indonesia, which supports the claim that it is the country's main hub for political activities.","Jakarta is the center of economics, culture and politics of Indonesia"
4hop3__673447_132409_371500_35031,content,elaborate,1,3,Jabodetabek ranks as the second largest urban area in the world after Tokyo.,NOT_SUPPORTED,SUPPORTED,The claim that Jabodetabek ranks as the second largest urban area in the world after Tokyo is explicitly stated in the ground truth.,"Greater Jakarta metropolitan area, which is known as Jabodetabek, is the second largest urban agglomeration and 2nd largest city area in the world after Tokyo."
4hop3__673447_132409_371500_35031,content,elaborate,1,3,Jakarta is a province.,NOT_SUPPORTED,DISTORTED,"The claim states that Jakarta is a province, while the ground truth describes Jakarta as a province with special capital region status, indicating it is more than just a province.",Jakarta is officially a province with special capital region status
4hop3__673447_132409_371500_35031,content,elaborate,1,3,Jakarta is not generally referred to as a province.,NOT_SUPPORTED,SUPPORTED,"The ground truth states that Jakarta is officially a province with special capital region status, yet is commonly referred to as a city, implying it is not generally referred to as a province.","Jakarta is officially a province with special capital region status, yet is commonly referred to as a city."
4hop3__673447_132409_371500_35031,content,elaborate,1,3,Jakarta is not generally referred to as a special capital region.,NOT_SUPPORTED,CONTRADICTION,"The claim states that Jakarta is not generally referred to as a special capital region, while the ground truth explicitly states that Jakarta is officially a province with special capital region status.",Jakarta is officially a province with special capital region status
4hop3__673447_132409_371500_35031,content,elaborate,1,3,The Jakarta provincial government oversees the administration of one regency.,NOT_SUPPORTED,DISTORTED,"The claim states that the Jakarta provincial government oversees the administration of one regency, but the ground truth mentions that the Jakarta provincial government administers five administrative cities and one administrative regency, which implies more than one regency.",The Jakarta provincial government administers five administrative cities and one administrative regency.
4hop3__673447_132409_371500_35031,content,elaborate,2,1,Java is the world's most populous island.,NOT_SUPPORTED,UNVERIFIABLE,"The ground truth mentions that Jakarta is located on the world's most populous island, Java, but does not explicitly state that Java is the world's most populous island.",none
4hop3__673447_132409_371500_35031,content,elaborate,2,1,Jabodetabek is the second- largest city area in the world.,NOT_SUPPORTED,DISTORTED,"The claim states that Jabodetabek is the second-largest city area in the world, while the ground truth states it is the second largest urban agglomeration, which is not the same as 'city area'.","The ground truth mentions 'Greater Jakarta metropolitan area, which is known as Jabodetabek... is the second largest urban agglomeration and 2nd largest city area in the world after Tokyo.'"
4hop3__673447_132409_371500_35031,content,elaborate,2,1,The city has higher living standards.,NOT_SUPPORTED,UNVERIFIABLE,"The ground truth does not provide specific information about living standards in the city, making it impossible to verify the claim.",none
4hop3__673447_132409_371500_35031,content,elaborate,2,1,Jakarta is a province.,NOT_SUPPORTED,DISTORTED,"The claim states that Jakarta is a province, while the ground truth describes Jakarta as a province with special capital region status, indicating it is more than just a province.",Jakarta is officially a province with special capital region status
4hop3__673447_132409_371500_35031,content,elaborate,2,1,The Jakarta provincial government oversees one administrative regency.,NOT_SUPPORTED,DISTORTED,"The claim states that the Jakarta provincial government oversees one administrative regency, but the ground truth mentions that Jakarta administers five administrative cities and one administrative regency, which implies that the claim is misleading.",The Jakarta provincial government administers five administrative cities and one administrative regency.
4hop3__673447_132409_371500_35031,content,elaborate,2,2,Java is the most densely populated island in the world.,NOT_SUPPORTED,UNVERIFIABLE,The ground truth does not provide information about the population density of Java or any comparison to other islands.,none
4hop3__673447_132409_371500_35031,content,elaborate,2,3,Java is the most densely populated island in the world.,NOT_SUPPORTED,UNVERIFIABLE,The ground truth does not provide information about the population density of Java or any comparison to other islands.,none
4hop3__673447_132409_371500_35031,content,elaborate,2,3,The area was under the control of the Sunda Kingdom.,NOT_SUPPORTED,INVENTED,The claim about the area being under the control of the Sunda Kingdom is not mentioned in the ground truth and cannot be derived from it.,none
4hop3__673447_132409_371500_35031,content,elaborate,2,3,Bogor is located in West Java.,NOT_SUPPORTED,INVENTED,"The claim about Bogor is not mentioned in the ground truth, which does not provide any information about Bogor's location.",none
4hop3__673447_132409_371500_35031,content,elaborate,2,3,Depok is located in West Java.,NOT_SUPPORTED,INVENTED,The claim about Depok being located in West Java is not mentioned or supported by the ground truth text.,none
4hop3__673447_132409_371500_35031,content,elaborate,2,3,Tangerang is located in Banten.,NOT_SUPPORTED,INVENTED,"The claim about Tangerang is not mentioned or supported by the ground truth, which focuses on other locations and does not reference Tangerang.",none
4hop3__673447_132409_371500_35031,content,elaborate,2,3,Bekasi is located in West Java.,NOT_SUPPORTED,INVENTED,"The claim about Bekasi is not mentioned in the ground truth, which discusses Jakarta and its metropolitan area but does not provide information about Bekasi.",none
4hop3__673447_132409_371500_35031,content,elaborate,2,3,Tokyo is the largest urban agglomeration in the world.,NOT_SUPPORTED,CONTRADICTION,"The claim states that Tokyo is the largest urban agglomeration in the world, while the ground truth indicates that Greater Jakarta is the second largest urban agglomeration after Tokyo.",none
4hop3__673447_132409_371500_35031,content,elaborate,2,3,Jakarta has a higher standard of living than other parts of the country.,NOT_SUPPORTED,UNVERIFIABLE,"The ground truth mentions that Jakarta offers business opportunities and a potential higher standard of living, but it does not explicitly state that Jakarta has a higher standard of living than other parts of the country.",none
4hop3__673447_132409_371500_35031,content,elaborate,2,3,Jakarta is a province.,NOT_SUPPORTED,DISTORTED,"The claim states that Jakarta is a province, while the ground truth describes Jakarta as a province with special capital region status, indicating it is more than just a province.",Jakarta is officially a province with special capital region status
4hop3__673447_132409_371500_35031,content,elaborate,2,3,This organizational structure is for managing Jakarta.,NOT_SUPPORTED,INVENTED,The claim about an organizational structure for managing Jakarta is not mentioned or implied in the ground truth.,none
4hop3__673447_132409_371500_35031,content,elaborate,2,3,This organizational structure is effective for managing Jakarta.,NOT_SUPPORTED,UNVERIFIABLE,The claim about the organizational structure being effective for managing Jakarta cannot be verified or rejected based solely on the ground truth provided.,none
4hop3__673447_132409_371500_35031,content,shorten,0,1,It is the third- largest urban area in California.,NOT_SUPPORTED,CONTRADICTION,"The claim states that it is the third-largest urban area in California, while the ground truth indicates that San Diego is the third-largest urban area in California, contradicting the claim.",San Diego is the third-largest urban area in California according to the ground truth.
4hop3__673447_132409_371500_35031,content,shorten,0,1,Ciudad Juárez is outside war zones.,NOT_SUPPORTED,CONTRADICTION,"The claim states that Ciudad Juárez is outside war zones, while the ground truth describes Ciudad Juárez as 'the most violent zone in the world outside of declared war zones'.",The ground truth mentions Ciudad Juárez as 'the most violent zone in the world outside of declared war zones'.
4hop3__673447_132409_371500_35031,content,shorten,0,1,Jakarta is the largest urban area in Indonesia.,NOT_SUPPORTED,DISTORTED,"The claim states that Jakarta is the largest urban area in Indonesia, while the ground truth indicates that Greater Jakarta is the second largest urban agglomeration in the world, not specifically stating it is the largest in Indonesia.",Greater Jakarta metropolitan area is the second largest urban agglomeration in the world
4hop3__673447_132409_371500_35031,content,shorten,0,1,Tokyo is the largest urban area in Japan.,NOT_SUPPORTED,INVENTED,"The claim about Tokyo being the largest urban area in Japan is not mentioned or supported by the ground truth, which does not provide any information about Tokyo.",none
4hop3__673447_132409_371500_35031,content,shorten,0,1,Tokyo has a population over 30 million.,NOT_SUPPORTED,DISTORTED,"The claim states that Tokyo has a population over 30 million, while the ground truth mentions Jakarta with a population of over 30 million, not Tokyo.",none
4hop3__673447_132409_371500_35031,content,shorten,0,2,It is the third- largest urban area in California.,NOT_SUPPORTED,CONTRADICTION,"The claim states that it is the third-largest urban area in California, while the ground truth indicates that San Diego is the third-largest urban area in California, contradicting the claim.",San Diego is the third-largest urban area in the state
4hop3__673447_132409_371500_35031,content,shorten,0,2,Ciudad Juárez is outside of war zones.,NOT_SUPPORTED,CONTRADICTION,"The ground truth states that Ciudad Juárez is 'the most violent zone in the world outside of declared war zones', which contradicts the claim that Ciudad Juárez is outside of war zones.",The ground truth mentions Ciudad Juárez as 'the most violent zone in the world outside of declared war zones'.
4hop3__673447_132409_371500_35031,content,shorten,0,2,"""Infest"" was released in the year 2,000.",NOT_SUPPORTED,SUPPORTED,The claim that 'Infest' was released in the year 2000 is explicitly stated in the ground truth.,"'Infest' was released on April 25, 2000"
4hop3__673447_132409_371500_35031,content,shorten,0,2,Jakarta is the largest urban area after Tokyo.,NOT_SUPPORTED,CONTRADICTION,"The claim states that Jakarta is the largest urban area after Tokyo, but the ground truth indicates that the Greater Jakarta metropolitan area is the second largest urban agglomeration in the world, not the largest.",Greater Jakarta metropolitan area is the second largest urban agglomeration and 2nd largest city area in the world after Tokyo
4hop3__673447_132409_371500_35031,content,shorten,0,3,It has high literacy rates.,NOT_SUPPORTED,SUPPORTED,The ground truth states that Chihuahua City has one of the highest literacy rates in the country at 98%.,The claim about high literacy rates is supported by the statement regarding Chihuahua City's literacy rate.
4hop3__673447_132409_371500_35031,content,shorten,0,3,Ciudad Juárez is outside war zones.,NOT_SUPPORTED,CONTRADICTION,"The claim states that Ciudad Juárez is outside war zones, while the ground truth explicitly describes it as 'the most violent zone in the world outside of declared war zones'.",The ground truth mentions Ciudad Juárez as 'the most violent zone in the world outside of declared war zones'.
4hop3__673447_132409_371500_35031,content,shorten,0,3,"The Vacaville, California, rock band is called Green Day.",NOT_SUPPORTED,CONTRADICTION,"The claim states that the rock band is Green Day, while the ground truth identifies the band as Papa Roach.","Papa Roach is an American rock band from Vacaville, California, formed in 1993."
4hop3__673447_132409_371500_35031,content,shorten,0,3,"""Infest"" is the best-selling album by Green Day.",NOT_SUPPORTED,DISTORTED,"'Infest' is the best-selling album by Papa Roach, not Green Day.",The claim about 'Infest' being by Papa Roach and its sales figures
4hop3__673447_132409_371500_35031,content,shorten,0,3,Indonesia has the largest urban area after Tokyo.,NOT_SUPPORTED,SUPPORTED,"The claim that Indonesia has the largest urban area after Tokyo is supported by the ground truth, which states that Jakarta is the second largest urban agglomeration in the world after Tokyo.",Jakarta is the second largest urban agglomeration and 2nd largest city area in the world after Tokyo
4hop3__673447_132409_371500_35031,content,shorten,1,1,The Jakarta provincial government administers one regency.,NOT_SUPPORTED,DISTORTED,"The claim states that the Jakarta provincial government administers one regency, while the ground truth mentions that it administers five administrative cities and one administrative regency.",The Jakarta provincial government administers five administrative cities and one administrative regency.
4hop3__673447_132409_371500_35031,content,shorten,1,2,The Jabodetabek region is after Tokyo.,NOT_SUPPORTED,SUPPORTED,"The claim that the Jabodetabek region is the second largest urban agglomeration after Tokyo is supported by the ground truth, which states that the Greater Jakarta metropolitan area is the second largest urban agglomeration in the world after Tokyo.",The ground truth mentions that Jakarta is the second largest urban agglomeration and 2nd largest city area in the world after Tokyo.
4hop3__673447_132409_371500_35031,content,shorten,1,3,The Jabodetabek metropolitan area has over 30 million residents according to the 2010 census.,NOT_SUPPORTED,SUPPORTED,"The claim states that the Jabodetabek metropolitan area has over 30 million residents according to the 2010 census, which is supported by the ground truth stating that the Greater Jakarta metropolitan area has a population of 30,214,303 inhabitants as of the 2010 census.","Greater Jakarta metropolitan area has a population of 30,214,303 inhabitants as of 2010 census"
4hop3__673447_132409_371500_35031,content,shorten,1,3,The Jakarta provincial administration manages one regency.,NOT_SUPPORTED,DISTORTED,"The claim states that the Jakarta provincial administration manages one regency, but the ground truth mentions that Jakarta administers five administrative cities and one administrative regency, which implies more than one regency.",The Jakarta provincial government administers five administrative cities and one administrative regency.
4hop3__673447_132409_371500_35031,content,shorten,2,1,Jabodetabek is located after Tokyo.,NOT_SUPPORTED,SUPPORTED,"The claim that Jabodetabek is located after Tokyo is supported by the ground truth, which states that Jabodetabek is the second largest urban agglomeration in the world after Tokyo.",Greater Jakarta metropolitan area is the second largest urban agglomeration in the world after Tokyo
4hop3__673447_132409_371500_35031,content,shorten,2,2,The provincial government administers one regency.,NOT_SUPPORTED,DISTORTED,"The claim states that the provincial government administers one regency, while the ground truth mentions that Jakarta's provincial government administers five administrative cities and one administrative regency.",The Jakarta provincial government administers five administrative cities and one administrative regency.
4hop3__673447_132409_371500_35031,content,shorten,2,3,The province comprises one regency.,NOT_SUPPORTED,INVENTED,"The claim about the province comprising one regency is not mentioned or implied in the ground truth, which discusses various cities and regions without reference to a province or regency.",none
4hop3__673447_132409_371500_35031,style,formality,0,1,This pest is not native to the United States.,NOT_SUPPORTED,SUPPORTED,"The ground truth states that CRB is native to Southern Asia and not known to occur in the United States except in American Samoa, supporting the claim that this pest is not native to the United States.",CRB is not known to occur in the United States except in American Samoa.
4hop3__673447_132409_371500_35031,style,formality,0,1,The coconut rhinoceros beetle is found in Upolu.,NOT_SUPPORTED,CONTRADICTION,"The ground truth states that the coconut rhinoceros beetle (CRB) is native to Southern Asia and distributed throughout Asia and the Western Pacific, but it does not mention Upolu as a location where the beetle is found.",none
4hop3__673447_132409_371500_35031,style,formality,0,1,The coconut rhinoceros beetle is found in New Ireland.,NOT_SUPPORTED,CONTRADICTION,"The ground truth states that the coconut rhinoceros beetle (CRB) is native to Southern Asia and distributed throughout various regions, but it does not mention New Ireland as one of those locations.","CRB is native to Southern Asia and distributed throughout Asia and the Western Pacific including Sri Lanka, Upolu, Samoa, American Samoa, Palau, New Britain, West Irian, New Ireland, Pak Island and Manus Island (New Guinea), Fiji, Cocos (Keeling) Islands, Mauritius, and Reunion."
4hop3__673447_132409_371500_35031,style,formality,0,1,Charleston is a county.,NOT_SUPPORTED,CONTRADICTION,Charleston is not a county; it is a city and part of the Charleston-North Charleston-Summerville Metropolitan Statistical Area.,"The Charleston-North Charleston-Summerville Metropolitan Statistical Area consists of three counties: Charleston, Berkeley, and Dorchester."
4hop3__673447_132409_371500_35031,style,formality,0,1,Berkeley is a county.,NOT_SUPPORTED,INVENTED,"The claim states that Berkeley is a county, which is not mentioned or supported by the ground truth. The ground truth discusses various locations and their characteristics but does not reference Berkeley as a county.",none
4hop3__673447_132409_371500_35031,style,formality,0,1,North Charleston is the third- largest city in the state of South Carolina.,NOT_SUPPORTED,DISTORTED,"The claim states that North Charleston is the third-largest city in South Carolina, while the ground truth indicates that North Charleston is the second-largest city in the Charleston-North Charleston-Summerville Metropolitan Statistical Area.",North Charleston is the second-largest city in the Charleston-North Charleston-Summerville Metropolitan Statistical Area
4hop3__673447_132409_371500_35031,style,formality,0,1,Mount Pleasant is a prominent city in the area.,NOT_SUPPORTED,INVENTED,"The claim about Mount Pleasant being a prominent city is not mentioned in the ground truth, which discusses other cities in the Charleston-North Charleston-Summerville Metropolitan Statistical Area but does not specifically highlight Mount Pleasant.",none
4hop3__673447_132409_371500_35031,style,formality,0,1,Summerville is a prominent city in the area.,NOT_SUPPORTED,DISTORTED,"The claim states that Summerville is a prominent city, but the ground truth indicates that it is one of the next-largest cities in the Charleston-North Charleston-Summerville Metropolitan Statistical Area, which does not imply prominence.","The metropolitan statistical area includes Summerville as one of the next-largest cities, but does not explicitly state it is prominent."
4hop3__673447_132409_371500_35031,style,formality,0,1,Pune is subsequent to Mumbai.,NOT_SUPPORTED,DISTORTED,"The claim states that Pune is subsequent to Mumbai, which implies a temporal or sequential relationship. The ground truth indicates that Pune is the second largest city in Maharashtra after Mumbai, but does not support the idea of 'subsequent' in a temporal sense.","Pune is the second largest city in the Indian state of Maharashtra, after Mumbai."
4hop3__673447_132409_371500_35031,style,formality,0,1,Pune ranks ninth in the ranking of cities by population in India.,NOT_SUPPORTED,SUPPORTED,The ground truth states that Pune is the ninth most populous city in India.,Pune is the ninth most populous city in the country
4hop3__673447_132409_371500_35031,style,formality,0,1,Pune is situated to the east of the Mutha River.,NOT_SUPPORTED,CONTRADICTION,"The claim states that Pune is situated to the east of the Mutha River, while the ground truth indicates that Pune is located on the right bank of the Mutha River, which implies it is to the west.","Pune is also situated 560 metres (1,837 feet) above sea level on the Deccan plateau on the right bank of the Mutha river"
4hop3__673447_132409_371500_35031,style,formality,0,2,The coconut rhinoceros beetle is found in New Ireland.,NOT_SUPPORTED,CONTRADICTION,"The ground truth states that the coconut rhinoceros beetle (CRB) is native to Southern Asia and distributed throughout various regions, but it does not mention New Ireland as one of those locations.","CRB is native to Southern Asia and distributed throughout Asia and the Western Pacific including Sri Lanka, Upolu, Samoa, American Samoa, Palau, New Britain, West Irian, New Ireland, Pak Island and Manus Island (New Guinea), Fiji, Cocos (Keeling) Islands, Mauritius, and Reunion."
4hop3__673447_132409_371500_35031,style,formality,0,2,Charleston is a county.,NOT_SUPPORTED,CONTRADICTION,Charleston is not a county; it is a city and part of the Charleston-North Charleston-Summerville Metropolitan Statistical Area.,"The Charleston-North Charleston-Summerville Metropolitan Statistical Area consists of three counties: Charleston, Berkeley, and Dorchester."
4hop3__673447_132409_371500_35031,style,formality,0,2,Berkeley is a county.,NOT_SUPPORTED,INVENTED,"The claim states that Berkeley is a county, but the ground truth does not mention Berkeley or its status as a county.",none
4hop3__673447_132409_371500_35031,style,formality,0,2,North Charleston is the third- largest city in South Carolina.,NOT_SUPPORTED,DISTORTED,"The claim states that North Charleston is the third-largest city in South Carolina, while the ground truth indicates that North Charleston is the second-largest city in the Charleston-North Charleston-Summerville Metropolitan Statistical Area and ranks as the third-largest city in the state.",North Charleston is the second-largest city in the Charleston-North Charleston-Summerville Metropolitan Statistical Area and ranks as the third-largest city in the state.
4hop3__673447_132409_371500_35031,style,formality,0,2,Mount Pleasant is a notable city.,NOT_SUPPORTED,UNVERIFIABLE,"The claim states that Mount Pleasant is a notable city, but the ground truth does not provide any information about Mount Pleasant being notable or its significance.",none
4hop3__673447_132409_371500_35031,style,formality,0,2,Summerville is a notable city.,NOT_SUPPORTED,UNVERIFIABLE,"The claim about Summerville being a notable city cannot be verified or rejected based on the provided ground truth, which does not mention Summerville specifically.",none
4hop3__673447_132409_371500_35031,style,formality,0,2,Pune is situated east of the Mutha River.,NOT_SUPPORTED,CONTRADICTION,"The claim states that Pune is situated east of the Mutha River, while the ground truth indicates that Pune is located on the right bank of the Mutha River, which implies it is to the west.",Pune is located on the right bank of the Mutha river
4hop3__673447_132409_371500_35031,style,formality,0,3,The coconut rhinoceros beetle is distributed across New Ireland.,NOT_SUPPORTED,DISTORTED,"The claim states that the coconut rhinoceros beetle is distributed across New Ireland, but the ground truth only mentions that it is distributed throughout Asia and the Western Pacific, including New Britain and New Guinea, without specifically stating New Ireland.","CRB is native to Southern Asia and distributed throughout Asia and the Western Pacific including Sri Lanka, Upolu, Samoa, American Samoa, Palau, New Britain, West Irian, New Ireland, Pak Island and Manus Island (New Guinea), Fiji, Cocos (Keeling) Islands, Mauritius, and Reunion."
4hop3__673447_132409_371500_35031,style,formality,0,3,North Charleston is the third-largest city in South Carolina.,NOT_SUPPORTED,DISTORTED,"The claim states that North Charleston is the third-largest city in South Carolina, while the ground truth indicates that North Charleston is the second-largest city in the Charleston-North Charleston-Summerville Metropolitan Statistical Area and ranks as the third-largest city in the state.",North Charleston is the second-largest city in the Charleston-North Charleston-Summerville Metropolitan Statistical Area and ranks as the third-largest city in the state.
4hop3__673447_132409_371500_35031,style,formality,0,3,The additional notable municipalities are Mount Pleasant and Summerville.,NOT_SUPPORTED,SUPPORTED,"The claim mentions Mount Pleasant and Summerville as notable municipalities, which aligns with the ground truth stating these cities are among the largest in the Charleston-North Charleston-Summerville Metropolitan Statistical Area.","The metropolitan statistical area includes North Charleston, Mount Pleasant, and Summerville as notable cities."
4hop3__673447_132409_371500_35031,style,formality,1,1,The coconut rhinoceros beetle is found in Upolu.,NOT_SUPPORTED,CONTRADICTION,"The ground truth states that the coconut rhinoceros beetle (CRB) is native to Southern Asia and distributed throughout Asia and the Western Pacific, but it does not mention Upolu as a location where the beetle is found.",none
4hop3__673447_132409_371500_35031,style,formality,1,1,The coconut rhinoceros beetle is found in New Ireland.,NOT_SUPPORTED,CONTRADICTION,"The ground truth states that the coconut rhinoceros beetle (CRB) is native to Southern Asia and distributed throughout various regions, but it does not mention New Ireland as one of those locations.","CRB is native to Southern Asia and distributed throughout Asia and the Western Pacific including Sri Lanka, Upolu, Samoa, American Samoa, Palau, New Britain, West Irian, New Ireland, Pak Island and Manus Island (New Guinea), Fiji, Cocos (Keeling) Islands, Mauritius, and Reunion."
4hop3__673447_132409_371500_35031,style,formality,1,1,Berkeley is a part of the region.,NOT_SUPPORTED,INVENTED,"The claim about Berkeley being part of the region is not mentioned or implied in the ground truth, which discusses various locations but does not include Berkeley.",none
4hop3__673447_132409_371500_35031,style,formality,1,1,North Charleston is the third largest city in the state of South Carolina.,NOT_SUPPORTED,DISTORTED,"The claim states that North Charleston is the third largest city in South Carolina, while the ground truth indicates that North Charleston is the second-largest city in the Charleston-North Charleston-Summerville Metropolitan Statistical Area.",North Charleston is the second-largest city in the Charleston-North Charleston-Summerville Metropolitan Statistical Area
4hop3__673447_132409_371500_35031,style,formality,1,1,Charleston is a community.,NOT_SUPPORTED,DISTORTED,"The claim states that Charleston is a community, while the ground truth describes Charleston as part of a metropolitan statistical area and urban area, indicating it is a city rather than just a community.",Charleston-North Charleston-Summerville Metropolitan Statistical Area
4hop3__673447_132409_371500_35031,style,formality,1,1,Mount Pleasant is part of Charleston- North Charleston Urban Area.,NOT_SUPPORTED,SUPPORTED,"Mount Pleasant is mentioned as one of the next-largest cities in the Charleston-North Charleston-Summerville Metropolitan Statistical Area, indicating it is part of the urban area.",The claim aligns with the description of the Charleston-North Charleston Urban Area in the ground truth.
4hop3__673447_132409_371500_35031,style,formality,1,1,"These areas form a densely populated and sprawling urban environment, ranking as the third most populous megalopolis in the United States.",NOT_SUPPORTED,CONTRADICTION,"The claim states that the area is the third most populous megalopolis in the United States, while the ground truth describes Southern California as the third most populated megalopolis.",Southern California is described as the third most populated megalopolis in the United States.
4hop3__673447_132409_371500_35031,style,formality,1,1,Java is the world's most populous island.,NOT_SUPPORTED,UNVERIFIABLE,"The ground truth mentions that Jakarta is located on the world's most populous island, Java, but does not explicitly state that Java is the world's most populous island.",none
4hop3__673447_132409_371500_35031,style,formality,1,1,Mumbai is the largest city in Maharashtra.,NOT_SUPPORTED,DISTORTED,"The claim states that Mumbai is the largest city in Maharashtra, while the ground truth mentions Pune as the second largest city in Maharashtra, implying that Mumbai is the largest, but does not explicitly state it.",none
4hop3__673447_132409_371500_35031,style,formality,1,2,This insect is not known to exist in the United States.,NOT_SUPPORTED,CONTRADICTION,"The claim states that the insect is not known to exist in the United States, while the ground truth explicitly states that the coconut rhinoceros beetle (CRB) is not known to occur in the United States except in American Samoa.",CRB is not known to occur in the United States except in American Samoa.
4hop3__673447_132409_371500_35031,style,formality,1,2,The coconut rhinoceros beetle is found in Upolu.,NOT_SUPPORTED,CONTRADICTION,"The ground truth states that the coconut rhinoceros beetle (CRB) is native to Southern Asia and distributed throughout Asia and the Western Pacific, but it does not mention Upolu as a location where the beetle is found.","CRB is native to Southern Asia and distributed throughout Asia and the Western Pacific including Sri Lanka, Upolu, Samoa, American Samoa, Palau, New Britain, West Irian, New Ireland, Pak Island and Manus Island (New Guinea), Fiji, Cocos (Keeling) Islands, Mauritius, and Reunion."
4hop3__673447_132409_371500_35031,style,formality,1,2,The coconut rhinoceros beetle is found in New Ireland.,NOT_SUPPORTED,CONTRADICTION,"The ground truth states that the coconut rhinoceros beetle (CRB) is native to Southern Asia and distributed throughout various regions, but it does not mention New Ireland as one of those locations.","CRB is native to Southern Asia and distributed throughout Asia and the Western Pacific including Sri Lanka, Upolu, Samoa, American Samoa, Palau, New Britain, West Irian, New Ireland, Pak Island and Manus Island (New Guinea), Fiji, Cocos (Keeling) Islands, Mauritius, and Reunion."
4hop3__673447_132409_371500_35031,style,formality,1,2,San Francisco is part of California's three largest metropolitan areas.,NOT_SUPPORTED,INVENTED,"The claim about San Francisco being part of California's three largest metropolitan areas is not mentioned or supported by the ground truth, which does not discuss San Francisco or its metropolitan status.",none
4hop3__673447_132409_371500_35031,style,formality,1,2,Mexico City is part of California's three largest metropolitan areas.,NOT_SUPPORTED,CONTRADICTION,Mexico City is not part of California; it is a major city in Mexico.,none
4hop3__673447_132409_371500_35031,style,formality,1,2,"The metropolitan population was recorded at 2,956,746 in the same census.",NOT_SUPPORTED,SUPPORTED,The claim accurately reflects the population of the urban area of San Diego as stated in the ground truth.,"The urban area of San Diego had a total population of 2,956,746."
4hop3__673447_132409_371500_35031,style,formality,1,2,San Diego is together with Los Angeles and San Francisco.,NOT_SUPPORTED,DISTORTED,"The claim suggests that San Diego is together with Los Angeles and San Francisco, which implies a direct relationship or grouping that is not explicitly stated in the ground truth. The ground truth mentions that San Diego is part of a larger metropolitan area but does not confirm a direct grouping with Los Angeles and San Francisco.","The urban area of San Diego extends beyond the administrative city limits and is mentioned in relation to other metropolitan areas, but no direct grouping with Los Angeles and San Francisco is made."
4hop3__673447_132409_371500_35031,style,formality,1,2,Mumbai is the largest city in the state of Maharashtra.,NOT_SUPPORTED,DISTORTED,"The claim states that Mumbai is the largest city in Maharashtra, while the ground truth mentions Pune as the second largest city in Maharashtra, implying that Mumbai is larger but does not explicitly state it.",none
4hop3__673447_132409_371500_35031,style,formality,1,3,This pest is not indigenous to the United States.,NOT_SUPPORTED,SUPPORTED,"The ground truth states that CRB is not known to occur in the United States except in American Samoa, which supports the claim that this pest is not indigenous to the United States.",CRB is not known to occur in the United States except in American Samoa.
4hop3__673447_132409_371500_35031,style,formality,1,3,The coconut rhinoceros beetle is found in New Ireland.,NOT_SUPPORTED,CONTRADICTION,"The ground truth states that the coconut rhinoceros beetle (CRB) is native to Southern Asia and distributed throughout various regions, but it does not mention New Ireland as one of those locations.","CRB is native to Southern Asia and distributed throughout Asia and the Western Pacific including Sri Lanka, Upolu, Samoa, American Samoa, Palau, New Britain, West Irian, New Ireland, Pak Island and Manus Island (New Guinea), Fiji, Cocos (Keeling) Islands, Mauritius, and Reunion."
4hop3__673447_132409_371500_35031,style,formality,1,3,Mexico City is in California.,NOT_SUPPORTED,CONTRADICTION,Mexico City is not in California; it is in Mexico.,none
4hop3__673447_132409_371500_35031,style,formality,1,3,Mexico City is one of the three major metropolitan areas in California.,NOT_SUPPORTED,CONTRADICTION,Mexico City is not located in California; it is in Mexico.,none
4hop3__673447_132409_371500_35031,style,formality,1,3,San Francisco is in California.,NOT_SUPPORTED,INVENTED,"The claim about San Francisco is not mentioned or supported by the ground truth, which does not reference San Francisco at all.",none
4hop3__673447_132409_371500_35031,style,formality,1,3,San Diego is situated on the Deccan Plateau.,NOT_SUPPORTED,CONTRADICTION,"San Diego is not located on the Deccan Plateau; it is in California, while the Deccan Plateau is in India.",none
4hop3__673447_132409_371500_35031,style,formality,1,3,San Diego is at an elevation of 560 meters above sea level.,NOT_SUPPORTED,CONTRADICTION,"The claim states that San Diego is at an elevation of 560 meters above sea level, while the ground truth does not provide any elevation information for San Diego, indicating a contradiction.",none
4hop3__673447_132409_371500_35031,style,formality,1,3,San Diego is alongside the Mutha River.,NOT_SUPPORTED,CONTRADICTION,"San Diego is not located alongside the Mutha River; the Mutha River is in Pune, India.",none
4hop3__673447_132409_371500_35031,style,formality,1,3,San Diego has historically functioned as a significant political center within India.,NOT_SUPPORTED,CONTRADICTION,"San Diego is not mentioned as a political center within India; it is a city in California, USA.",none
4hop3__673447_132409_371500_35031,style,formality,1,3,"""Infest"" was released on April 25, 2,000.",NOT_SUPPORTED,DISTORTED,"The claim states 'Infest' was released on April 25, 2,000, but the ground truth specifies the release date as April 25, 2000, which is a different year.","The ground truth states 'It was released on April 25, 2000.'"
4hop3__673447_132409_371500_35031,style,formality,1,3,The album exceeded three million copies in domestic sales.,NOT_SUPPORTED,SUPPORTED,"The claim that the album exceeded three million copies in domestic sales is supported by the ground truth, which states that the album sold more than seven million copies worldwide with three million in the U.S.",The ground truth states the album sold three million copies in the U.S.
4hop3__673447_132409_371500_35031,style,formality,2,1,The San Francisco metropolitan area is the second-largest urban area in California.,NOT_SUPPORTED,CONTRADICTION,"The claim states that the San Francisco metropolitan area is the second-largest urban area in California, while the ground truth indicates that the San Diego metropolitan area is larger than San Francisco.","The urban area of San Diego extends beyond the administrative city limits and had a total population of 2,956,746, making it the third-largest urban area in the state."
4hop3__673447_132409_371500_35031,style,formality,2,1,"Mumbai is the largest city in the state of Maharashtra, India.",NOT_SUPPORTED,DISTORTED,"The claim states that Mumbai is the largest city in Maharashtra, while the ground truth mentions Pune as the second largest city in Maharashtra, implying that Mumbai is larger but does not explicitly state it.",none
4hop3__673447_132409_371500_35031,style,formality,2,1,Houston has been recognized as the foremost city globally.,NOT_SUPPORTED,CONTRADICTION,"The claim states that Houston is the foremost city globally, which is not supported by the ground truth. The ground truth mentions Houston's rankings and recognitions but does not claim it is the foremost city globally.",none
4hop3__673447_132409_371500_35031,style,formality,2,1,Houston has been recognized as the foremost city globally in attracting tourism.,NOT_SUPPORTED,CONTRADICTION,"The claim states that Houston is the foremost city globally in attracting tourism, which is not supported by the ground truth. The ground truth does not mention tourism as a recognized aspect of Houston's economy or reputation.",none
4hop3__673447_132409_371500_35031,style,formality,2,1,The city achieved the top position in the FDi Magazine’s American Cities of the Future ranking for 2013.,NOT_SUPPORTED,CONTRADICTION,"The claim states that the city achieved the top position in the FDi Magazine’s American Cities of the Future ranking for 2013, while the ground truth states that New York City topped the ranking for 2013.","New York City has been ranked first among cities across the globe in attracting capital, business, and tourists. This ability to attract foreign investment helped New York City top the FDi Magazine American Cities of the Future ranking for 2013."
4hop3__673447_132409_371500_35031,style,formality,2,2,This pest is not recognized as being established in the United States.,NOT_SUPPORTED,SUPPORTED,"The ground truth states that CRB is not known to occur in the United States except in American Samoa, which supports the claim that this pest is not recognized as being established in the United States.",CRB is not known to occur in the United States except in American Samoa.
4hop3__673447_132409_371500_35031,style,formality,2,2,The San Francisco metropolitan area is the second-largest urban area in California.,NOT_SUPPORTED,CONTRADICTION,"The claim states that the San Francisco metropolitan area is the second-largest urban area in California, while the ground truth indicates that the San Diego metropolitan area is larger than San Francisco.",none
4hop3__673447_132409_371500_35031,style,formality,2,2,"Pune is the second largest city in the state of Maharashtra, India, after Mumbai.",NOT_SUPPORTED,SUPPORTED,"The claim that Pune is the second largest city in the state of Maharashtra, India, after Mumbai is explicitly stated in the ground truth.","Pune is the second largest city in the Indian state of Maharashtra, after Mumbai."
4hop3__673447_132409_371500_35031,style,formality,2,2,Houston has been acknowledged as the leading city worldwide in attracting tourism.,NOT_SUPPORTED,CONTRADICTION,"The claim states that Houston is the leading city worldwide in attracting tourism, which is not supported by the ground truth. The ground truth does not mention Houston's status in tourism attraction.",none
4hop3__673447_132409_371500_35031,style,formality,2,2,The provincial administration is responsible for one administrative regency.,NOT_SUPPORTED,CONTRADICTION,"The claim states that the provincial administration is responsible for one administrative regency, while the ground truth indicates that Jakarta is administered by five administrative cities and one administrative regency.",The Jakarta provincial government administers five administrative cities and one administrative regency.
4hop3__673447_132409_371500_35031,style,formality,2,3,This pest is not considered established in American Samoa.,NOT_SUPPORTED,CONTRADICTION,"The ground truth states that CRB is not known to occur in the United States except in American Samoa, implying that it is established there.",CRB is not known to occur in the United States except in American Samoa.
4hop3__673447_132409_371500_35031,style,formality,2,3,The San Francisco metropolitan area is the second-largest metropolitan area in California.,NOT_SUPPORTED,INVENTED,"The claim about the San Francisco metropolitan area being the second-largest metropolitan area in California is not mentioned or supported by the ground truth, which discusses other metropolitan areas but does not include San Francisco.",none
4hop3__673447_132409_371500_35031,style,formality,2,3,Mumbai is the largest city in the state of Maharashtra.,NOT_SUPPORTED,DISTORTED,"The claim states that Mumbai is the largest city in Maharashtra, while the ground truth mentions Pune as the second largest city in Maharashtra, implying that Mumbai is larger but does not explicitly state it.",none
4hop3__673447_132409_371500_35031,style,formality,2,3,Houston has been recognized as the foremost city globally.,NOT_SUPPORTED,CONTRADICTION,"The claim states that Houston is the foremost city globally, which is not supported by the ground truth. The ground truth mentions Houston's rankings and recognitions but does not claim it as the foremost city globally.",none
4hop3__673447_132409_371500_35031,style,formality,2,3,Houston has been recognized as the foremost city globally in attracting tourism.,NOT_SUPPORTED,CONTRADICTION,"The claim states that Houston is the foremost city globally in attracting tourism, which is not supported by the ground truth. The ground truth does not mention tourism ranking for Houston.",none
4hop3__673447_132409_371500_35031,style,formality,2,3,The city has a high standard of living.,NOT_SUPPORTED,UNVERIFIABLE,The ground truth does not provide specific information about the standard of living in the city.,none
4hop3__673447_132409_371500_35031,style,formality,2,3,Jakarta is a province.,NOT_SUPPORTED,DISTORTED,"The claim states that Jakarta is a province, while the ground truth describes Jakarta as a province with special capital region status, indicating it is more than just a province.",Jakarta is officially a province with special capital region status
4hop3__673447_132409_371500_35031,style,paraphrase,0,1,Its administration includes one regency.,NOT_SUPPORTED,INVENTED,"The claim introduces information about the administration including one regency, which is not mentioned in the ground truth.",none
4hop3__673447_132409_371500_35031,style,paraphrase,0,2,Batavia is now a major urban center.,NOT_SUPPORTED,DISTORTED,"The claim states that Batavia is now a major urban center, but the ground truth refers to Jakarta as the capital of Indonesia, formerly known as Batavia, without explicitly stating its current status as a major urban center.","Jakarta is the capital of Indonesia, which was formerly known as Batavia"
4hop3__673447_132409_371500_35031,style,paraphrase,0,2,Jakarta has a higher standard of living.,NOT_SUPPORTED,UNVERIFIABLE,"The ground truth mentions that Jakarta has business opportunities and attracts migrants, but it does not provide specific information about the standard of living.",none
4hop3__673447_132409_371500_35031,style,paraphrase,0,2,It is governed alongside five other cities.,NOT_SUPPORTED,INVENTED,"The claim introduces information not present in the ground truth, which does not mention governance alongside other cities.",none
4hop3__673447_132409_371500_35031,style,paraphrase,0,2,It is governed alongside one regency.,NOT_SUPPORTED,INVENTED,"The claim introduces information about governance alongside a regency, which is not mentioned in the ground truth.",none
4hop3__673447_132409_371500_35031,style,paraphrase,0,3,The Jabodetabek region has more than 30 million residents based on the 2010 census.,NOT_SUPPORTED,SUPPORTED,"The claim states that the Jabodetabek region has more than 30 million residents based on the 2010 census, which is supported by the ground truth stating that the Greater Jakarta metropolitan area has a population of 30,214,303 inhabitants as of the 2010 census.","Greater Jakarta metropolitan area... with a population of 30,214,303 inhabitants as of 2010 census."
4hop3__673447_132409_371500_35031,style,paraphrase,0,3,Jakarta has higher living standards.,NOT_SUPPORTED,UNVERIFIABLE,The ground truth mentions Jakarta's business opportunities and potential for a higher standard of living but does not explicitly state that Jakarta has higher living standards.,none
4hop3__673447_132409_371500_35031,style,paraphrase,1,1,Jabodetabek is located after Tokyo.,NOT_SUPPORTED,SUPPORTED,"The claim that Jabodetabek is located after Tokyo is supported by the ground truth, which states that Jabodetabek is the second largest urban agglomeration in the world after Tokyo.",Greater Jakarta metropolitan area is the second largest urban agglomeration in the world after Tokyo
4hop3__673447_132409_371500_35031,style,paraphrase,1,2,The Greater Jakarta metropolitan area has approximately 30 million residents according to the 2010 census.,NOT_SUPPORTED,SUPPORTED,"The claim accurately states that the Greater Jakarta metropolitan area has approximately 30 million residents according to the 2010 census, which is supported by the ground truth stating a population of 30,214,303 inhabitants as of the 2010 census.","Greater Jakarta metropolitan area... with a population of 30,214,303 inhabitants as of 2010 census."
4hop3__673447_132409_371500_35031,style,paraphrase,1,2,Jakarta has a higher standard of living.,NOT_SUPPORTED,UNVERIFIABLE,"The ground truth mentions that Jakarta has business opportunities and attracts migrants, but it does not provide specific information about the standard of living.",none
4hop3__673447_132409_371500_35031,style,paraphrase,1,3,Jakarta has higher living standards.,NOT_SUPPORTED,UNVERIFIABLE,"The ground truth mentions that Jakarta has business opportunities and attracts migrants, but it does not provide specific information about living standards.",none
4hop3__673447_132409_371500_35031,style,paraphrase,2,1,Java is the island with the highest population in the world.,NOT_SUPPORTED,CONTRADICTION,"The claim states that Java is the island with the highest population in the world, while the ground truth mentions Jakarta as the capital of Indonesia and the center of economics, culture, and politics, but does not support the claim about Java's population ranking.",none
4hop3__673447_132409_371500_35031,style,paraphrase,2,1,The Jakarta provincial administration oversees one regency.,NOT_SUPPORTED,DISTORTED,"The claim states that the Jakarta provincial administration oversees one regency, but the ground truth mentions that Jakarta administers five administrative cities and one administrative regency, which implies more than one regency.",The Jakarta provincial government administers five administrative cities and one administrative regency.
4hop3__673447_132409_371500_35031,style,paraphrase,2,2,Java’s northwest coast is the most densely populated island in the world.,NOT_SUPPORTED,CONTRADICTION,"The claim states that Java's northwest coast is the most densely populated island in the world, while the ground truth indicates that Jakarta, located on Java's northwest coast, is the center of economics, culture, and politics of Indonesia, but does not claim it is the most densely populated island.",none
4hop3__673447_132409_371500_35031,style,paraphrase,2,2,The provincial government administers one regency.,NOT_SUPPORTED,DISTORTED,"The claim states that the provincial government administers one regency, while the ground truth mentions that Jakarta's provincial government administers five administrative cities and one administrative regency.",The Jakarta provincial government administers five administrative cities and one administrative regency.
4hop3__673447_132409_371500_35031,style,paraphrase,2,3,Java is the world’s most densely populated island.,NOT_SUPPORTED,UNVERIFIABLE,"The ground truth mentions Jakarta as the capital of Indonesia and discusses its population, but does not provide information about Java's population density or rank it among other islands.",none
4hop3__673447_132409_371500_35031,style,paraphrase,2,3,Java is located in 2014.,NOT_SUPPORTED,INVENTED,"The claim states that 'Java is located in 2014', which is not mentioned or implied in the ground truth. The ground truth discusses Jakarta and its population in 2014 but does not mention Java in that context.",none
