qid,group,instruction_type,run,step,bert_precision_baseline,bert_recall_baseline,bert_f1_baseline,bert_precision_consecutive,bert_recall_consecutive,bert_f1_consecutive
2hop__635544_110949,style,formality,0,1,0.9098035097122192,0.9124760627746582,0.9111378192901611,0.9098035097122192,0.9124760627746582,0.9111378192901611
2hop__635544_110949,style,formality,0,2,0.9018663167953491,0.9035024642944336,0.902683675289154,0.9661912322044373,0.9651775360107422,0.9656841158866882
2hop__635544_110949,style,formality,0,3,0.8978462219238281,0.8983850479125977,0.8981155157089233,0.9819003343582153,0.9811164736747742,0.9815082550048828
2hop__635544_110949,style,formality,1,1,0.9069413542747498,0.903134822845459,0.905034065246582,0.9069413542747498,0.903134822845459,0.905034065246582
2hop__635544_110949,style,formality,1,2,0.8950645923614502,0.8922416567802429,0.8936508297920227,0.9566732048988342,0.9582588076591492,0.9574653506278992
2hop__635544_110949,style,formality,1,3,0.8913549780845642,0.8905652165412903,0.8909599184989929,0.9787041544914246,0.9815287590026855,0.9801143407821655
2hop__635544_110949,style,formality,2,1,0.9261520504951477,0.9250905513763428,0.9256210327148438,0.9261520504951477,0.9250905513763428,0.9256210327148438
2hop__635544_110949,style,formality,2,2,0.8928227424621582,0.896075427532196,0.8944461345672607,0.935083270072937,0.9392536878585815,0.9371638298034668
2hop__635544_110949,style,formality,2,3,0.879130482673645,0.8843526840209961,0.8817338347434998,0.9659588932991028,0.9667586088180542,0.9663586020469666
2hop__635544_110949,style,paraphrase,0,1,0.9111533761024475,0.9118095636367798,0.9114813208580017,0.9111533761024475,0.9118095636367798,0.9114813208580017
2hop__635544_110949,style,paraphrase,0,2,0.8924751281738281,0.8939241170883179,0.8931990265846252,0.9467878937721252,0.9527467489242554,0.9497579336166382
2hop__635544_110949,style,paraphrase,0,3,0.876817524433136,0.8793761730194092,0.8780949711799622,0.9393529891967773,0.940507173538208,0.939929723739624
2hop__635544_110949,style,paraphrase,1,1,0.8931965827941895,0.8931401968002319,0.8931683897972107,0.8931965827941895,0.8931401968002319,0.8931683897972107
2hop__635544_110949,style,paraphrase,1,2,0.8587831258773804,0.8649718761444092,0.8618663549423218,0.9090815782546997,0.9184370636940002,0.9137353897094727
2hop__635544_110949,style,paraphrase,1,3,0.8551620244979858,0.8638190031051636,0.8594686985015869,0.9670501351356506,0.9663505554199219,0.9667002558708191
2hop__635544_110949,style,paraphrase,2,1,0.9139691591262817,0.911583423614502,0.9127747416496277,0.9139691591262817,0.911583423614502,0.9127747416496277
2hop__635544_110949,style,paraphrase,2,2,0.8960245251655579,0.8914305567741394,0.8937216401100159,0.930616021156311,0.9324887990951538,0.931551456451416
2hop__635544_110949,style,paraphrase,2,3,0.8847084045410156,0.8795369863510132,0.8821151256561279,0.96470046043396,0.9652799367904663,0.9649900794029236
2hop__635544_110949,content,shorten,0,1,0.8012896776199341,0.8021397590637207,0.8017145395278931,0.8012896776199341,0.8021397590637207,0.8017145395278931
2hop__635544_110949,content,shorten,0,2,0.786420464515686,0.779793381690979,0.7830929160118103,0.8929725885391235,0.8524944186210632,0.8722641468048096
2hop__635544_110949,content,shorten,0,3,0.7741235494613647,0.7708235383033752,0.7724699974060059,0.9484453201293945,0.9309121966362,0.939596951007843
2hop__635544_110949,content,shorten,1,1,0.8505126237869263,0.8577930927276611,0.8541373014450073,0.8505126237869263,0.8577930927276611,0.8541373014450073
2hop__635544_110949,content,shorten,1,2,0.8328696489334106,0.8252805471420288,0.8290576934814453,0.9104973077774048,0.9029540419578552,0.9067100286483765
2hop__635544_110949,content,shorten,1,3,0.821289598941803,0.8159527778625488,0.8186125159263611,0.9417058229446411,0.9431875944137573,0.9424461126327515
2hop__635544_110949,content,shorten,2,1,0.8374752402305603,0.8387356400489807,0.8381049633026123,0.8374752402305603,0.8387356400489807,0.8381049633026123
2hop__635544_110949,content,shorten,2,2,0.8154919147491455,0.8191300630569458,0.8173069357872009,0.9143959879875183,0.9139301180839539,0.9141629934310913
2hop__635544_110949,content,shorten,2,3,0.8094613552093506,0.8162519335746765,0.8128424286842346,0.9689957499504089,0.9675969481468201,0.9682958722114563
2hop__635544_110949,content,elaborate,0,1,0.9275668859481812,0.9249944686889648,0.9262788891792297,0.9275668859481812,0.9249944686889648,0.9262788891792297
2hop__635544_110949,content,elaborate,0,2,0.8814213275909424,0.8827609419822693,0.8820906281471252,0.910953164100647,0.9156780242919922,0.9133094549179077
2hop__635544_110949,content,elaborate,0,3,0.8879493474960327,0.8802527189254761,0.8840842843055725,0.9265514016151428,0.9192878007888794,0.9229053258895874
2hop__635544_110949,content,elaborate,1,1,0.9386030435562134,0.9323045015335083,0.9354431629180908,0.9386030435562134,0.9323045015335083,0.9354431629180908
2hop__635544_110949,content,elaborate,1,2,0.9233107566833496,0.9196701049804688,0.9214868545532227,0.9495514631271362,0.9523299932479858,0.9509387016296387
2hop__635544_110949,content,elaborate,1,3,0.8814412355422974,0.8730937242507935,0.8772475719451904,0.9096739292144775,0.9030736684799194,0.9063617587089539
2hop__635544_110949,content,elaborate,2,1,0.9219574928283691,0.9220761060714722,0.9220167994499207,0.9219574928283691,0.9220761060714722,0.9220167994499207
2hop__635544_110949,content,elaborate,2,2,0.9226731061935425,0.9201555252075195,0.9214126467704773,0.9536043405532837,0.9507369995117188,0.9521685242652893
2hop__635544_110949,content,elaborate,2,3,0.9069818258285522,0.9051299095153809,0.9060549139976501,0.9396458864212036,0.9400989413261414,0.9398723840713501
2hop__612719_6455,style,formality,0,1,0.9400062561035156,0.939183235168457,0.939594566822052,0.9400062561035156,0.939183235168457,0.939594566822052
2hop__612719_6455,style,formality,0,2,0.9195886850357056,0.9203164577484131,0.919952392578125,0.9539514780044556,0.9562661647796631,0.9551073908805847
2hop__612719_6455,style,formality,0,3,0.9095433354377747,0.8998093008995056,0.9046501517295837,0.9614347219467163,0.9531728625297546,0.95728600025177
2hop__612719_6455,style,formality,1,1,0.9303988218307495,0.9313756227493286,0.93088698387146,0.9303988218307495,0.9313756227493286,0.93088698387146
2hop__612719_6455,style,formality,1,2,0.9202945232391357,0.9193584322929382,0.9198262095451355,0.9765976667404175,0.9765576720237732,0.9765776991844177
2hop__612719_6455,style,formality,1,3,0.9180330038070679,0.9172459244728088,0.9176393151283264,0.9935941696166992,0.9940335750579834,0.9938138127326965
2hop__612719_6455,style,formality,2,1,0.9056110382080078,0.9003865718841553,0.9029912352561951,0.9056110382080078,0.9003865718841553,0.9029912352561951
2hop__612719_6455,style,formality,2,2,0.8962531089782715,0.8916747570037842,0.8939580321311951,0.9810885190963745,0.9818565845489502,0.9814724326133728
2hop__612719_6455,style,formality,2,3,0.8973379135131836,0.892397403717041,0.8948608636856079,0.9942236542701721,0.9940659999847412,0.994144856929779
2hop__612719_6455,style,paraphrase,0,1,0.8989070653915405,0.8939555883407593,0.8964244723320007,0.8989070653915405,0.8939555883407593,0.8964244723320007
2hop__612719_6455,style,paraphrase,0,2,0.8825178146362305,0.8770538568496704,0.8797773718833923,0.9417514204978943,0.9431117177009583,0.9424310922622681
2hop__612719_6455,style,paraphrase,0,3,0.8747451305389404,0.8676321506500244,0.871174156665802,0.9652421474456787,0.9660086035728455,0.9656252264976501
2hop__612719_6455,style,paraphrase,1,1,0.889503002166748,0.8882113695144653,0.8888567090034485,0.889503002166748,0.8882113695144653,0.8888567090034485
2hop__612719_6455,style,paraphrase,1,2,0.8667354583740234,0.8602445125579834,0.8634777665138245,0.9239201545715332,0.9212682247161865,0.922592282295227
2hop__612719_6455,style,paraphrase,1,3,0.8576592206954956,0.8527526259422302,0.8551989197731018,0.9615952968597412,0.9637445211410522,0.9626687169075012
2hop__612719_6455,style,paraphrase,2,1,0.8947570323944092,0.8844555020332336,0.8895764946937561,0.8947570323944092,0.8844555020332336,0.8895764946937561
2hop__612719_6455,style,paraphrase,2,2,0.8833872675895691,0.8746828436851501,0.8790134787559509,0.9681298732757568,0.9717103838920593,0.9699167609214783
2hop__612719_6455,style,paraphrase,2,3,0.8772326707839966,0.867207407951355,0.8721912503242493,0.9791516065597534,0.9798942804336548,0.9795228242874146
2hop__612719_6455,content,shorten,0,1,0.8383712768554688,0.819045901298523,0.8285959362983704,0.8383712768554688,0.819045901298523,0.8285959362983704
2hop__612719_6455,content,shorten,0,2,0.8345296382904053,0.8037348985671997,0.8188428282737732,0.9461029767990112,0.9197807312011719,0.9327561855316162
2hop__612719_6455,content,shorten,0,3,0.8216477632522583,0.7982069253921509,0.8097577095031738,0.9539406299591064,0.9474453926086426,0.9506818652153015
2hop__612719_6455,content,shorten,1,1,0.8569891452789307,0.830582857131958,0.8435794115066528,0.8569891452789307,0.830582857131958,0.8435794115066528
2hop__612719_6455,content,shorten,1,2,0.8535723686218262,0.8265190720558167,0.8398279547691345,0.969541609287262,0.9660218358039856,0.9677785038948059
2hop__612719_6455,content,shorten,1,3,0.8483296632766724,0.8144012689590454,0.8310193419456482,0.9475966691970825,0.9296765327453613,0.9385510683059692
2hop__612719_6455,content,shorten,2,1,0.8565298318862915,0.8471531271934509,0.8518157005310059,0.8565298318862915,0.8471531271934509,0.8518157005310059
2hop__612719_6455,content,shorten,2,2,0.8428289890289307,0.8394620418548584,0.8411421179771423,0.92964106798172,0.9295001029968262,0.9295706152915955
2hop__612719_6455,content,shorten,2,3,0.8374538421630859,0.8253008127212524,0.8313329219818115,0.9335131049156189,0.9181972742080688,0.92579185962677
2hop__612719_6455,content,elaborate,0,1,0.9172542095184326,0.9094727635383606,0.9133469462394714,0.9172542095184326,0.9094727635383606,0.9133469462394714
2hop__612719_6455,content,elaborate,0,2,0.8908790349960327,0.8812568783760071,0.8860417604446411,0.9283662438392639,0.924074649810791,0.9262154698371887
2hop__612719_6455,content,elaborate,0,3,0.8823593854904175,0.8722831606864929,0.8772923350334167,0.9765836000442505,0.9758720397949219,0.9762277007102966
2hop__612719_6455,content,elaborate,1,1,0.9112123250961304,0.9033445119857788,0.9072613716125488,0.9112123250961304,0.9033445119857788,0.9072613716125488
2hop__612719_6455,content,elaborate,1,2,0.9112842082977295,0.9039411544799805,0.9075977802276611,0.940262496471405,0.9370577335357666,0.9386574029922485
2hop__612719_6455,content,elaborate,1,3,0.8914549946784973,0.884514570236206,0.8879712820053101,0.9481405019760132,0.9479694962501526,0.9480549693107605
2hop__612719_6455,content,elaborate,2,1,0.9368739128112793,0.9365309476852417,0.9367024302482605,0.9368739128112793,0.9365309476852417,0.9367024302482605
2hop__612719_6455,content,elaborate,2,2,0.9329338669776917,0.9313308000564575,0.9321315884590149,0.9632539749145508,0.9617694616317749,0.9625111222267151
2hop__612719_6455,content,elaborate,2,3,0.9077494144439697,0.8929557800292969,0.9002918004989624,0.9449179768562317,0.9309512376785278,0.9378826022148132
2hop__61143_165532,style,formality,0,1,0.897209882736206,0.8917645215988159,0.8944789171218872,0.897209882736206,0.8917645215988159,0.8944789171218872
2hop__61143_165532,style,formality,0,2,0.8947803378105164,0.8892862796783447,0.89202481508255,0.9817500710487366,0.9811680316925049,0.9814590215682983
2hop__61143_165532,style,formality,0,3,0.8637884855270386,0.8666985630989075,0.8652410507202148,0.9132072925567627,0.9224259853363037,0.9177935123443604
2hop__61143_165532,style,formality,1,1,0.9033671021461487,0.900098979473114,0.9017301201820374,0.9033671021461487,0.900098979473114,0.9017301201820374
2hop__61143_165532,style,formality,1,2,0.9030424356460571,0.8980786204338074,0.9005537033081055,0.9753657579421997,0.9740393161773682,0.9747020602226257
2hop__61143_165532,style,formality,1,3,0.9034583568572998,0.8974670171737671,0.900452733039856,0.9899282455444336,0.9886496067047119,0.9892885088920593
2hop__61143_165532,style,formality,2,1,0.9101641774177551,0.9067815542221069,0.9084696769714355,0.9101641774177551,0.9067815542221069,0.9084696769714355
2hop__61143_165532,style,formality,2,2,0.9071937203407288,0.9016906023025513,0.9044337868690491,0.9836050868034363,0.9815610647201538,0.9825820326805115
2hop__61143_165532,style,formality,2,3,0.895631730556488,0.8948265910148621,0.8952289819717407,0.9579224586486816,0.9637269973754883,0.960815966129303
2hop__61143_165532,style,paraphrase,0,1,0.8767142295837402,0.8791572451591492,0.8779339790344238,0.8767142295837402,0.8791572451591492,0.8779339790344238
2hop__61143_165532,style,paraphrase,0,2,0.8557567596435547,0.862010657787323,0.8588722944259644,0.9257465600967407,0.9284487962722778,0.9270957112312317
2hop__61143_165532,style,paraphrase,0,3,0.8546136021614075,0.8610008955001831,0.8577953577041626,0.9777628183364868,0.9778872728347778,0.9778250455856323
2hop__61143_165532,style,paraphrase,1,1,0.856124758720398,0.8493613600730896,0.8527296185493469,0.856124758720398,0.8493613600730896,0.8527296185493469
2hop__61143_165532,style,paraphrase,1,2,0.8494541645050049,0.84493488073349,0.8471884727478027,0.9483420848846436,0.9478846788406372,0.9481133222579956
2hop__61143_165532,style,paraphrase,1,3,0.8431704044342041,0.8343774080276489,0.8387508392333984,0.9244312047958374,0.9221723675727844,0.9233003854751587
2hop__61143_165532,style,paraphrase,2,1,0.8776886463165283,0.8796952962875366,0.8786908388137817,0.8776886463165283,0.8796952962875366,0.8786908388137817
2hop__61143_165532,style,paraphrase,2,2,0.8643847703933716,0.8674821853637695,0.8659307360649109,0.9407217502593994,0.9467570781707764,0.9437297582626343
2hop__61143_165532,style,paraphrase,2,3,0.8678297400474548,0.8673344254493713,0.8675820231437683,0.9657471776008606,0.9626226425170898,0.964182436466217
2hop__61143_165532,content,shorten,0,1,0.8164753913879395,0.806972861289978,0.8116963505744934,0.8164753913879395,0.806972861289978,0.8116963505744934
2hop__61143_165532,content,shorten,0,2,0.8110845685005188,0.7878531217575073,0.7993000149726868,0.9360225200653076,0.8958868384361267,0.9155149459838867
2hop__61143_165532,content,shorten,0,3,0.8031465411186218,0.7904624938964844,0.7967540621757507,0.9307966232299805,0.9131882786750793,0.921908438205719
2hop__61143_165532,content,shorten,1,1,0.8527451753616333,0.850624680519104,0.8516836166381836,0.8527451753616333,0.850624680519104,0.8516836166381836
2hop__61143_165532,content,shorten,1,2,0.8510791063308716,0.8456262350082397,0.8483438491821289,0.9602289199829102,0.9598127603530884,0.9600207805633545
2hop__61143_165532,content,shorten,1,3,0.8394572734832764,0.8376359939575195,0.8385456204414368,0.9443123936653137,0.9469819068908691,0.945645272731781
2hop__61143_165532,content,shorten,2,1,0.865441083908081,0.8651789426803589,0.86531001329422,0.865441083908081,0.8651789426803589,0.86531001329422
2hop__61143_165532,content,shorten,2,2,0.8503714203834534,0.8459295034408569,0.8481445908546448,0.9148986339569092,0.9124380350112915,0.9136666655540466
2hop__61143_165532,content,shorten,2,3,0.8384109139442444,0.8367515802383423,0.8375803828239441,0.9594318270683289,0.9619210958480835,0.9606748819351196
2hop__61143_165532,content,elaborate,0,1,0.9098825454711914,0.9011874198913574,0.905514121055603,0.9098825454711914,0.9011874198913574,0.905514121055603
2hop__61143_165532,content,elaborate,0,2,0.8819106817245483,0.8759134411811829,0.8789018392562866,0.931645929813385,0.9319037199020386,0.9317747354507446
2hop__61143_165532,content,elaborate,0,3,0.8750278949737549,0.8705368041992188,0.8727765679359436,0.9695420861244202,0.9695568680763245,0.9695494771003723
2hop__61143_165532,content,elaborate,1,1,0.8899105191230774,0.8800352811813354,0.8849453330039978,0.8899105191230774,0.8800352811813354,0.8849453330039978
2hop__61143_165532,content,elaborate,1,2,0.8871264457702637,0.8812339305877686,0.884170413017273,0.9466323852539062,0.9498411417007446,0.9482340216636658
2hop__61143_165532,content,elaborate,1,3,0.8806941509246826,0.8780630826950073,0.8793766498565674,0.9663429260253906,0.9674886465072632,0.9669154286384583
2hop__61143_165532,content,elaborate,2,1,0.8768783807754517,0.865259051322937,0.8710299730300903,0.8768783807754517,0.865259051322937,0.8710299730300903
2hop__61143_165532,content,elaborate,2,2,0.8686560988426208,0.8628185987472534,0.8657275438308716,0.9252560138702393,0.929559588432312,0.9274027943611145
2hop__61143_165532,content,elaborate,2,3,0.8657487034797668,0.8600674271583557,0.8628987073898315,0.9633731842041016,0.9644042253494263,0.96388840675354
2hop__5658_25002,style,formality,0,1,0.9349448680877686,0.9331483840942383,0.9340457916259766,0.9349448680877686,0.9331483840942383,0.9340457916259766
2hop__5658_25002,style,formality,0,2,0.9220160245895386,0.9216192364692688,0.9218176007270813,0.9643873572349548,0.9646868705749512,0.9645370841026306
2hop__5658_25002,style,formality,0,3,0.9202389121055603,0.9191849231719971,0.9197115898132324,0.9898713827133179,0.9893149733543396,0.9895931482315063
2hop__5658_25002,style,formality,1,1,0.9119833707809448,0.9111043214797974,0.9115436673164368,0.9119833707809448,0.9111043214797974,0.9115436673164368
2hop__5658_25002,style,formality,1,2,0.9086349010467529,0.9077901244163513,0.9082123041152954,0.9726821184158325,0.9717352390289307,0.9722084403038025
2hop__5658_25002,style,formality,1,3,0.9018737077713013,0.9022128582000732,0.9020432829856873,0.9785913228988647,0.9799009561538696,0.9792457222938538
2hop__5658_25002,style,formality,2,1,0.9166041612625122,0.9141485691070557,0.9153746962547302,0.9166041612625122,0.9141485691070557,0.9153746962547302
2hop__5658_25002,style,formality,2,2,0.9109439849853516,0.9103461503982544,0.9106449484825134,0.9722492694854736,0.9735949635505676,0.9729217290878296
2hop__5658_25002,style,formality,2,3,0.8875136375427246,0.8860794305801392,0.8867959380149841,0.9398542046546936,0.9461557865142822,0.9429944753646851
2hop__5658_25002,style,paraphrase,0,1,0.8845692873001099,0.8878312706947327,0.8861972689628601,0.8845692873001099,0.8878312706947327,0.8861972689628601
2hop__5658_25002,style,paraphrase,0,2,0.871463418006897,0.87462317943573,0.8730404376983643,0.9507251977920532,0.9484476447105408,0.9495850801467896
2hop__5658_25002,style,paraphrase,0,3,0.8686665296554565,0.8729920387268066,0.8708239197731018,0.9740942716598511,0.974826455116272,0.974460244178772
2hop__5658_25002,style,paraphrase,1,1,0.8753740191459656,0.8849085569381714,0.8801155090332031,0.8753740191459656,0.8849085569381714,0.8801155090332031
2hop__5658_25002,style,paraphrase,1,2,0.8626921772956848,0.8707829117774963,0.8667186498641968,0.952424168586731,0.9499664902687073,0.9511936902999878
2hop__5658_25002,style,paraphrase,1,3,0.8585139513015747,0.8656923174858093,0.8620882630348206,0.9556770324707031,0.9565143585205078,0.9560955166816711
2hop__5658_25002,style,paraphrase,2,1,0.8960539102554321,0.9016848802566528,0.8988605737686157,0.8960539102554321,0.9016848802566528,0.8988605737686157
2hop__5658_25002,style,paraphrase,2,2,0.8858273029327393,0.8922872543334961,0.8890455365180969,0.95026695728302,0.9512844085693359,0.9507753849029541
2hop__5658_25002,style,paraphrase,2,3,0.8676428198814392,0.8743760585784912,0.8709964156150818,0.929321825504303,0.9305607676506042,0.9299408793449402
2hop__5658_25002,content,shorten,0,1,0.8660991787910461,0.8607121109962463,0.8633972406387329,0.8660991787910461,0.8607121109962463,0.8633972406387329
2hop__5658_25002,content,shorten,0,2,0.8587830066680908,0.8438115119934082,0.8512313961982727,0.9294955730438232,0.9156832695007324,0.9225377440452576
2hop__5658_25002,content,shorten,0,3,0.8586547374725342,0.8360989093780518,0.8472267389297485,0.9627035856246948,0.9473122358322144,0.9549458622932434
2hop__5658_25002,content,shorten,1,1,0.8647202253341675,0.8599503040313721,0.8623286485671997,0.8647202253341675,0.8599503040313721,0.8623286485671997
2hop__5658_25002,content,shorten,1,2,0.8580695390701294,0.8489987850189209,0.8535100817680359,0.9464409351348877,0.9387781023979187,0.9425938725471497
2hop__5658_25002,content,shorten,1,3,0.8561902642250061,0.846450924873352,0.8512927293777466,0.9740581512451172,0.9708862900733948,0.9724696278572083
2hop__5658_25002,content,shorten,2,1,0.8771308064460754,0.8810333013534546,0.879077672958374,0.8771308064460754,0.8810333013534546,0.879077672958374
2hop__5658_25002,content,shorten,2,2,0.8717138767242432,0.8727947473526001,0.8722540140151978,0.9602645039558411,0.9608625769615173,0.9605634212493896
2hop__5658_25002,content,shorten,2,3,0.8599485754966736,0.8627326488494873,0.8613383173942566,0.946730375289917,0.9463356137275696,0.9465330243110657
2hop__5658_25002,content,elaborate,0,1,0.8996181488037109,0.8989847898483276,0.8993014097213745,0.8996181488037109,0.8989847898483276,0.8993014097213745
2hop__5658_25002,content,elaborate,0,2,0.8822066783905029,0.8812103867530823,0.8817082643508911,0.9423642158508301,0.9415911436080933,0.9419775009155273
2hop__5658_25002,content,elaborate,0,3,0.8801425695419312,0.8796825408935547,0.8799124956130981,0.9583715200424194,0.9556889533996582,0.957028329372406
2hop__5658_25002,content,elaborate,1,1,0.8762714862823486,0.8672871589660645,0.8717561960220337,0.8762714862823486,0.8672871589660645,0.8717561960220337
2hop__5658_25002,content,elaborate,1,2,0.8681443929672241,0.8572733998298645,0.8626746535301208,0.933677077293396,0.9334221482276917,0.9335495829582214
2hop__5658_25002,content,elaborate,1,3,0.8651434779167175,0.8570892810821533,0.861097514629364,0.961878776550293,0.9655247926712036,0.9636983275413513
2hop__5658_25002,content,elaborate,2,1,0.9081923365592957,0.9101090431213379,0.9091496467590332,0.9081923365592957,0.9101090431213379,0.9091496467590332
2hop__5658_25002,content,elaborate,2,2,0.8867795467376709,0.8905463218688965,0.8886589407920837,0.9276480674743652,0.9273824691772461,0.9275152683258057
2hop__5658_25002,content,elaborate,2,3,0.884341835975647,0.8865787982940674,0.8854588866233826,0.9531427621841431,0.9515796899795532,0.9523605704307556
2hop__14092_8311,style,formality,0,1,0.8369223475456238,0.8456888198852539,0.8412827253341675,0.8369223475456238,0.8456888198852539,0.8412827253341675
2hop__14092_8311,style,formality,0,2,0.8369522094726562,0.8472915887832642,0.8420901894569397,0.9613287448883057,0.9629560708999634,0.962141752243042
2hop__14092_8311,style,formality,0,3,0.8361121416091919,0.8430294394493103,0.8395565152168274,0.9716291427612305,0.9695885181427002,0.9706077575683594
2hop__14092_8311,style,formality,1,1,0.9466878771781921,0.941524088382721,0.944098949432373,0.9466878771781921,0.941524088382721,0.944098949432373
2hop__14092_8311,style,formality,1,2,0.9192254543304443,0.9171755909919739,0.918199360370636,0.9476694464683533,0.948122501373291,0.947895884513855
2hop__14092_8311,style,formality,1,3,0.9175449013710022,0.9135136604309082,0.9155248403549194,0.9761147499084473,0.9744527339935303,0.9752830862998962
2hop__14092_8311,style,formality,2,1,0.925409197807312,0.9238320589065552,0.9246199727058411,0.925409197807312,0.9238320589065552,0.9246199727058411
2hop__14092_8311,style,formality,2,2,0.8956339955329895,0.89692622423172,0.8962796330451965,0.9310484528541565,0.9378441572189331,0.9344339370727539
2hop__14092_8311,style,formality,2,3,0.8906910419464111,0.8943809270858765,0.8925321698188782,0.9822329878807068,0.9843060374259949,0.9832684397697449
2hop__14092_8311,style,paraphrase,0,1,0.8737863302230835,0.8645360469818115,0.8691365718841553,0.8737863302230835,0.8645360469818115,0.8691365718841553
2hop__14092_8311,style,paraphrase,0,2,0.8687138557434082,0.8603883981704712,0.8645310997962952,0.9654579162597656,0.9656002521514893,0.9655290842056274
2hop__14092_8311,style,paraphrase,0,3,0.8684031367301941,0.860832154750824,0.8646010756492615,0.9778684377670288,0.9780318737030029,0.9779501557350159
2hop__14092_8311,style,paraphrase,1,1,0.892508864402771,0.8921945095062256,0.8923516869544983,0.892508864402771,0.8921945095062256,0.8923516869544983
2hop__14092_8311,style,paraphrase,1,2,0.8824249505996704,0.8837476968765259,0.8830857872962952,0.9572580456733704,0.9604659080505371,0.9588593244552612
2hop__14092_8311,style,paraphrase,1,3,0.8563015460968018,0.856570839881897,0.8564361929893494,0.9189877510070801,0.9220483303070068,0.9205155372619629
2hop__14092_8311,style,paraphrase,2,1,0.9139689207077026,0.9155380725860596,0.9147528409957886,0.9139689207077026,0.9155380725860596,0.9147528409957886
2hop__14092_8311,style,paraphrase,2,2,0.9050783514976501,0.9067984819412231,0.9059376120567322,0.9613907337188721,0.9625858664512634,0.9619879126548767
2hop__14092_8311,style,paraphrase,2,3,0.9088006019592285,0.9091719388961792,0.9089862108230591,0.9794046878814697,0.9775869846343994,0.9784949421882629
2hop__14092_8311,content,shorten,0,1,0.8316212892532349,0.8237737417221069,0.827678918838501,0.8316212892532349,0.8237737417221069,0.827678918838501
2hop__14092_8311,content,shorten,0,2,0.8216613531112671,0.7995516061782837,0.8104557394981384,0.9266389012336731,0.8812217712402344,0.9033598899841309
2hop__14092_8311,content,shorten,0,3,0.8098896741867065,0.7873492240905762,0.7984603643417358,0.9397295713424683,0.9234150648117065,0.9315008521080017
2hop__14092_8311,content,shorten,1,1,0.8279608488082886,0.8273284435272217,0.8276444673538208,0.8279608488082886,0.8273284435272217,0.8276444673538208
2hop__14092_8311,content,shorten,1,2,0.8262065649032593,0.8237810134887695,0.8249920010566711,0.969822108745575,0.9632578492164612,0.9665288329124451
2hop__14092_8311,content,shorten,1,3,0.8273642063140869,0.8243467211723328,0.8258526921272278,0.9823545813560486,0.9814549088478088,0.9819045066833496
2hop__14092_8311,content,shorten,2,1,0.8315939903259277,0.8409491777420044,0.8362454175949097,0.8315939903259277,0.8409491777420044,0.8362454175949097
2hop__14092_8311,content,shorten,2,2,0.8320502638816833,0.837332546710968,0.8346830606460571,0.947378396987915,0.9483717679977417,0.9478748440742493
2hop__14092_8311,content,shorten,2,3,0.8296941518783569,0.8351826667785645,0.8324294090270996,0.9708527326583862,0.9707050323486328,0.9707788825035095
2hop__14092_8311,content,elaborate,0,1,0.9020847678184509,0.9041592478752136,0.9031208157539368,0.9020847678184509,0.9041592478752136,0.9031208157539368
2hop__14092_8311,content,elaborate,0,2,0.9040094614028931,0.9049533605575562,0.9044811725616455,0.9640438556671143,0.9632495641708374,0.9636465311050415
2hop__14092_8311,content,elaborate,0,3,0.8981131315231323,0.8987994194030762,0.8984561562538147,0.9681506752967834,0.9699981808662415,0.9690735340118408
2hop__14092_8311,content,elaborate,1,1,0.9508189558982849,0.9444056153297424,0.9476014375686646,0.9508189558982849,0.9444056153297424,0.9476014375686646
2hop__14092_8311,content,elaborate,1,2,0.8995471000671387,0.898414134979248,0.8989802598953247,0.9216819405555725,0.9268969893455505,0.9242820739746094
2hop__14092_8311,content,elaborate,1,3,0.8926618695259094,0.8930221796035767,0.8928419351577759,0.9639977216720581,0.9638811349868774,0.963939368724823
2hop__14092_8311,content,elaborate,2,1,0.9397223591804504,0.9351494312286377,0.9374303817749023,0.9397223591804504,0.9351494312286377,0.9374303817749023
2hop__14092_8311,content,elaborate,2,2,0.9152616262435913,0.9117429256439209,0.9134988784790039,0.9299806952476501,0.9293043613433838,0.929642379283905
2hop__14092_8311,content,elaborate,2,3,0.9084960222244263,0.9087816476821899,0.9086388349533081,0.9541341066360474,0.9546511173248291,0.9543925523757935
3hop1__19768_19788_10117,style,formality,0,1,0.8843252658843994,0.8895688056945801,0.886939287185669,0.8843252658843994,0.8895688056945801,0.886939287185669
3hop1__19768_19788_10117,style,formality,0,2,0.8804281949996948,0.8854278326034546,0.8829209208488464,0.9817231893539429,0.9821397662162781,0.9819315075874329
3hop1__19768_19788_10117,style,formality,0,3,0.8811768889427185,0.886039137840271,0.8836013078689575,0.993283212184906,0.9927215576171875,0.9930022358894348
3hop1__19768_19788_10117,style,formality,1,1,0.9035221338272095,0.9070088863372803,0.9052621126174927,0.9035221338272095,0.9070088863372803,0.9052621126174927
3hop1__19768_19788_10117,style,formality,1,2,0.9011886119842529,0.9025912284851074,0.9018893837928772,0.9736734628677368,0.9722362160682678,0.972954273223877
3hop1__19768_19788_10117,style,formality,1,3,0.8985624313354492,0.8998425006866455,0.8992019891738892,0.9884805083274841,0.988802433013916,0.9886413812637329
3hop1__19768_19788_10117,style,formality,2,1,0.8618158102035522,0.8741714358329773,0.8679496645927429,0.8618158102035522,0.8741714358329773,0.8679496645927429
3hop1__19768_19788_10117,style,formality,2,2,0.8575368523597717,0.869660496711731,0.8635560870170593,0.9754472374916077,0.9764288067817688,0.9759377837181091
3hop1__19768_19788_10117,style,formality,2,3,0.8553929924964905,0.8677970170974731,0.8615503311157227,0.9830643534660339,0.9872517585754395,0.9851535558700562
3hop1__19768_19788_10117,style,paraphrase,0,1,0.8279004096984863,0.8385136127471924,0.8331732153892517,0.8279004096984863,0.8385136127471924,0.8331732153892517
3hop1__19768_19788_10117,style,paraphrase,0,2,0.8298985958099365,0.8370169997215271,0.8334425091743469,0.939502477645874,0.9359809160232544,0.9377383589744568
3hop1__19768_19788_10117,style,paraphrase,0,3,0.8320642113685608,0.8392593860626221,0.8356463313102722,0.9739709496498108,0.9739843606948853,0.9739776253700256
3hop1__19768_19788_10117,style,paraphrase,1,1,0.8578385710716248,0.8688154220581055,0.8632920980453491,0.8578385710716248,0.8688154220581055,0.8632920980453491
3hop1__19768_19788_10117,style,paraphrase,1,2,0.846017599105835,0.8533653020858765,0.8496755361557007,0.9300174117088318,0.9322749376296997,0.9311448335647583
3hop1__19768_19788_10117,style,paraphrase,1,3,0.8454235792160034,0.8502501249313354,0.8478299975395203,0.9685701131820679,0.9678952097892761,0.9682325720787048
3hop1__19768_19788_10117,style,paraphrase,2,1,0.8364604711532593,0.8348097205162048,0.8356343507766724,0.8364604711532593,0.8348097205162048,0.8356343507766724
3hop1__19768_19788_10117,style,paraphrase,2,2,0.8348022103309631,0.8332434892654419,0.8340221047401428,0.9651662111282349,0.9633123874664307,0.9642384052276611
3hop1__19768_19788_10117,style,paraphrase,2,3,0.8369157910346985,0.8327216506004333,0.8348134160041809,0.9636313915252686,0.9649038314819336,0.9642671942710876
3hop1__19768_19788_10117,content,shorten,0,1,0.8177147507667542,0.8221731781959534,0.8199378848075867,0.8177147507667542,0.8221731781959534,0.8199378848075867
3hop1__19768_19788_10117,content,shorten,0,2,0.8052495718002319,0.8062522411346436,0.8057506084442139,0.9276962280273438,0.903304398059845,0.915337860584259
3hop1__19768_19788_10117,content,shorten,0,3,0.8025233149528503,0.801172137260437,0.8018471598625183,0.9716560244560242,0.9620277285575867,0.9668179154396057
3hop1__19768_19788_10117,content,shorten,1,1,0.8265906572341919,0.8339126110076904,0.830235481262207,0.8265906572341919,0.8339126110076904,0.830235481262207
3hop1__19768_19788_10117,content,shorten,1,2,0.8293955326080322,0.8325073719024658,0.830948531627655,0.9103095531463623,0.899855375289917,0.9050522446632385
3hop1__19768_19788_10117,content,shorten,1,3,0.8271396160125732,0.8307790160179138,0.8289552330970764,0.9747637510299683,0.9745478630065918,0.97465580701828
3hop1__19768_19788_10117,content,shorten,2,1,0.8443530201911926,0.8476701974868774,0.84600830078125,0.8443530201911926,0.8476701974868774,0.84600830078125
3hop1__19768_19788_10117,content,shorten,2,2,0.8311195373535156,0.8335363268852234,0.8323261737823486,0.923607587814331,0.9230950474739075,0.9233512282371521
3hop1__19768_19788_10117,content,shorten,2,3,0.8306275606155396,0.8334587812423706,0.8320407271385193,0.9730880856513977,0.9730033874511719,0.9730457663536072
3hop1__19768_19788_10117,content,elaborate,0,1,0.9171862602233887,0.917741060256958,0.9174635410308838,0.9171862602233887,0.917741060256958,0.9174635410308838
3hop1__19768_19788_10117,content,elaborate,0,2,0.8960460424423218,0.8957056403160095,0.8958758115768433,0.9441896677017212,0.9441927671432495,0.9441912174224854
3hop1__19768_19788_10117,content,elaborate,0,3,0.8946706652641296,0.8940526247024536,0.8943615555763245,0.9814556837081909,0.9806230664253235,0.9810391664505005
3hop1__19768_19788_10117,content,elaborate,1,1,0.9036632776260376,0.9080381989479065,0.9058454036712646,0.9036632776260376,0.9080381989479065,0.9058454036712646
3hop1__19768_19788_10117,content,elaborate,1,2,0.8940961956977844,0.8963503241539001,0.8952218294143677,0.9457237124443054,0.9479042887687683,0.9468127489089966
3hop1__19768_19788_10117,content,elaborate,1,3,0.8831586837768555,0.8856326341629028,0.8843939304351807,0.9640878438949585,0.9638540148735046,0.963970959186554
3hop1__19768_19788_10117,content,elaborate,2,1,0.9140546321868896,0.9143929481506348,0.9142237901687622,0.9140546321868896,0.9143929481506348,0.9142237901687622
3hop1__19768_19788_10117,content,elaborate,2,2,0.9105943441390991,0.9108907580375671,0.9107425808906555,0.9792426824569702,0.9793812036514282,0.9793118834495544
3hop1__19768_19788_10117,content,elaborate,2,3,0.8967372179031372,0.8988018035888672,0.8977683186531067,0.9647669792175293,0.9645189642906189,0.9646428823471069
3hop1__593288_720914_41132,style,formality,0,1,0.9301737546920776,0.9311878681182861,0.9306805729866028,0.9301737546920776,0.9311878681182861,0.9306805729866028
3hop1__593288_720914_41132,style,formality,0,2,0.922461748123169,0.9245226979255676,0.9234911203384399,0.9794715642929077,0.9814417362213135,0.9804556965827942
3hop1__593288_720914_41132,style,formality,0,3,0.9212256073951721,0.9228804111480713,0.922052264213562,0.992965817451477,0.9931302070617676,0.9930480122566223
3hop1__593288_720914_41132,style,formality,1,1,0.9201369881629944,0.9231364727020264,0.921634316444397,0.9201369881629944,0.9231364727020264,0.921634316444397
3hop1__593288_720914_41132,style,formality,1,2,0.9048874974250793,0.912138819694519,0.9084986448287964,0.9594007730484009,0.9636814594268799,0.9615363478660583
3hop1__593288_720914_41132,style,formality,1,3,0.9047592878341675,0.9120801091194153,0.9084049463272095,0.9900199174880981,0.990090012550354,0.9900549650192261
3hop1__593288_720914_41132,style,formality,2,1,0.9015246629714966,0.8936813473701477,0.8975858688354492,0.9015246629714966,0.8936813473701477,0.8975858688354492
3hop1__593288_720914_41132,style,formality,2,2,0.893978476524353,0.8881849050521851,0.8910722732543945,0.9781358242034912,0.9782135486602783,0.9781746864318848
3hop1__593288_720914_41132,style,formality,2,3,0.8929495811462402,0.8870444297790527,0.8899872303009033,0.9895327687263489,0.9881750345230103,0.9888534545898438
3hop1__593288_720914_41132,style,paraphrase,0,1,0.8652653098106384,0.8636776208877563,0.8644707798957825,0.8652653098106384,0.8636776208877563,0.8644707798957825
3hop1__593288_720914_41132,style,paraphrase,0,2,0.8605839014053345,0.8576647043228149,0.8591217994689941,0.9589730501174927,0.9577600359916687,0.9583662152290344
3hop1__593288_720914_41132,style,paraphrase,0,3,0.85813307762146,0.8561858534812927,0.857158362865448,0.9725421667098999,0.9737502336502075,0.9731457829475403
3hop1__593288_720914_41132,style,paraphrase,1,1,0.8571190237998962,0.8618534803390503,0.8594797253608704,0.8571190237998962,0.8618534803390503,0.8594797253608704
3hop1__593288_720914_41132,style,paraphrase,1,2,0.8490216135978699,0.8466160297393799,0.847817063331604,0.9296997785568237,0.9153469800949097,0.9224675297737122
3hop1__593288_720914_41132,style,paraphrase,1,3,0.8454157114028931,0.8430259823799133,0.8442190885543823,0.9542553424835205,0.9484076499938965,0.9513224959373474
3hop1__593288_720914_41132,style,paraphrase,2,1,0.873221755027771,0.8704037666320801,0.8718104362487793,0.873221755027771,0.8704037666320801,0.8718104362487793
3hop1__593288_720914_41132,style,paraphrase,2,2,0.866296648979187,0.8630346059799194,0.8646625876426697,0.9499418139457703,0.9525313973426819,0.9512348771095276
3hop1__593288_720914_41132,style,paraphrase,2,3,0.8664224743843079,0.8622642755508423,0.8643383383750916,0.9737286567687988,0.9726309776306152,0.9731795191764832
3hop1__593288_720914_41132,content,shorten,0,1,0.8443756103515625,0.8370237350463867,0.8406835794448853,0.8443756103515625,0.8370237350463867,0.8406835794448853
3hop1__593288_720914_41132,content,shorten,0,2,0.8455644249916077,0.8292316198348999,0.8373183608055115,0.9564439654350281,0.934192419052124,0.9451872110366821
3hop1__593288_720914_41132,content,shorten,0,3,0.8425484895706177,0.8298823237419128,0.8361675143241882,0.9515940546989441,0.9401448369026184,0.945834755897522
3hop1__593288_720914_41132,content,shorten,1,1,0.8731485605239868,0.8774676322937012,0.8753027319908142,0.8731485605239868,0.8774676322937012,0.8753027319908142
3hop1__593288_720914_41132,content,shorten,1,2,0.8608497381210327,0.8674758672714233,0.8641501069068909,0.944534182548523,0.9497920274734497,0.9471558332443237
3hop1__593288_720914_41132,content,shorten,1,3,0.8405056595802307,0.846177339553833,0.8433319926261902,0.9208559989929199,0.9151129722595215,0.9179754853248596
3hop1__593288_720914_41132,content,shorten,2,1,0.8616697788238525,0.8636549711227417,0.8626612424850464,0.8616697788238525,0.8636549711227417,0.8626612424850464
3hop1__593288_720914_41132,content,shorten,2,2,0.858938455581665,0.8546109199523926,0.8567692637443542,0.9461367130279541,0.9339995384216309,0.940028965473175
3hop1__593288_720914_41132,content,shorten,2,3,0.8615732192993164,0.8574438691139221,0.8595036268234253,0.9734941720962524,0.9746791124343872,0.9740862846374512
3hop1__593288_720914_41132,content,elaborate,0,1,0.900846540927887,0.9002491235733032,0.9005476832389832,0.900846540927887,0.9002491235733032,0.9005476832389832
3hop1__593288_720914_41132,content,elaborate,0,2,0.8781978487968445,0.8796789646148682,0.8789377212524414,0.91484534740448,0.9154245853424072,0.915134847164154
3hop1__593288_720914_41132,content,elaborate,0,3,0.8790789842605591,0.8808032870292664,0.8799403309822083,0.9771898984909058,0.975651741027832,0.9764202237129211
3hop1__593288_720914_41132,content,elaborate,1,1,0.8813989162445068,0.8792638778686523,0.8803300857543945,0.8813989162445068,0.8792638778686523,0.8803300857543945
3hop1__593288_720914_41132,content,elaborate,1,2,0.879026472568512,0.8770874738693237,0.8780558705329895,0.9589329957962036,0.9617303609848022,0.9603295922279358
3hop1__593288_720914_41132,content,elaborate,1,3,0.8791086673736572,0.876691460609436,0.8778983950614929,0.9812471866607666,0.982322633266449,0.9817845821380615
3hop1__593288_720914_41132,content,elaborate,2,1,0.9104593992233276,0.9113774299621582,0.9109182357788086,0.9104593992233276,0.9113774299621582,0.9109182357788086
3hop1__593288_720914_41132,content,elaborate,2,2,0.8845967054367065,0.8912299871444702,0.8879010081291199,0.9240334630012512,0.9270896911621094,0.9255591034889221
3hop1__593288_720914_41132,content,elaborate,2,3,0.883586049079895,0.8895258903503418,0.8865460157394409,0.9673659205436707,0.9695990085601807,0.968481183052063
3hop2__28727_92991_76291,style,formality,0,1,0.8480029106140137,0.855198860168457,0.8515856862068176,0.8480029106140137,0.855198860168457,0.8515856862068176
3hop2__28727_92991_76291,style,formality,0,2,0.8503871560096741,0.8567717671394348,0.8535674810409546,0.9857620596885681,0.9842259287834167,0.9849933981895447
3hop2__28727_92991_76291,style,formality,0,3,0.8472272157669067,0.8529119491577148,0.8500601053237915,0.9836771488189697,0.9835541844367981,0.9836156964302063
3hop2__28727_92991_76291,style,formality,1,1,0.8819696307182312,0.8818762898445129,0.8819229602813721,0.8819696307182312,0.8818762898445129,0.8819229602813721
3hop2__28727_92991_76291,style,formality,1,2,0.8805896639823914,0.8819077014923096,0.8812481760978699,0.9842864274978638,0.9843848347663879,0.9843356013298035
3hop2__28727_92991_76291,style,formality,1,3,0.875637412071228,0.8771257996559143,0.876380980014801,0.9736751317977905,0.9728963375091553,0.9732856154441833
3hop2__28727_92991_76291,style,formality,2,1,0.8833729028701782,0.8868422508239746,0.8851041793823242,0.8833729028701782,0.8868422508239746,0.8851041793823242
3hop2__28727_92991_76291,style,formality,2,2,0.8732220530509949,0.8790003061294556,0.8761016726493835,0.9593191742897034,0.9624217748641968,0.9608679413795471
3hop2__28727_92991_76291,style,formality,2,3,0.8725289106369019,0.8780121803283691,0.8752619028091431,0.9993053674697876,0.9992082118988037,0.9992567896842957
3hop2__28727_92991_76291,style,paraphrase,0,1,0.8302264213562012,0.8392114639282227,0.8346947431564331,0.8302264213562012,0.8392114639282227,0.8346947431564331
3hop2__28727_92991_76291,style,paraphrase,0,2,0.8294836282730103,0.8373608589172363,0.8334035873413086,0.9712147116661072,0.9706892967224121,0.9709519147872925
3hop2__28727_92991_76291,style,paraphrase,0,3,0.826580286026001,0.8317825198173523,0.82917320728302,0.9412517547607422,0.9444525241851807,0.9428493976593018
3hop2__28727_92991_76291,style,paraphrase,1,1,0.842993974685669,0.850970447063446,0.8469634056091309,0.842993974685669,0.850970447063446,0.8469634056091309
3hop2__28727_92991_76291,style,paraphrase,1,2,0.8386672735214233,0.8470801115036011,0.8428526520729065,0.9492528438568115,0.9505629539489746,0.9499074816703796
3hop2__28727_92991_76291,style,paraphrase,1,3,0.8371636867523193,0.8456624150276184,0.8413916230201721,0.976104736328125,0.9759478569030762,0.9760262370109558
3hop2__28727_92991_76291,style,paraphrase,2,1,0.8468965291976929,0.8508170247077942,0.8488522171974182,0.8468965291976929,0.8508170247077942,0.8488522171974182
3hop2__28727_92991_76291,style,paraphrase,2,2,0.8448224067687988,0.8494710326194763,0.8471403121948242,0.964659571647644,0.9666928052902222,0.9656751155853271
3hop2__28727_92991_76291,style,paraphrase,2,3,0.8382200598716736,0.8404440879821777,0.8393305540084839,0.9528445601463318,0.9544352293014526,0.9536392688751221
3hop2__28727_92991_76291,content,shorten,0,1,0.8278790712356567,0.8311306238174438,0.8295016884803772,0.8278790712356567,0.8311306238174438,0.8295016884803772
3hop2__28727_92991_76291,content,shorten,0,2,0.8201857805252075,0.8101676106452942,0.8151459097862244,0.9103657007217407,0.8891324996948242,0.8996238112449646
3hop2__28727_92991_76291,content,shorten,0,3,0.8193501234054565,0.8012957572937012,0.8102223873138428,0.9634869694709778,0.9454778432846069,0.954397439956665
3hop2__28727_92991_76291,content,shorten,1,1,0.8449171781539917,0.8558321595191956,0.8503395915031433,0.8449171781539917,0.8558321595191956,0.8503395915031433
3hop2__28727_92991_76291,content,shorten,1,2,0.828646183013916,0.8412781953811646,0.8349144458770752,0.9247230291366577,0.9259433746337891,0.92533278465271
3hop2__28727_92991_76291,content,shorten,1,3,0.8240163326263428,0.8317489624023438,0.8278645873069763,0.928367555141449,0.9275453686714172,0.927956223487854
3hop2__28727_92991_76291,content,shorten,2,1,0.8331444263458252,0.8393633961677551,0.8362423777580261,0.8331444263458252,0.8393633961677551,0.8362423777580261
3hop2__28727_92991_76291,content,shorten,2,2,0.831850528717041,0.8357253074645996,0.8337833881378174,0.9549130797386169,0.9539724588394165,0.95444256067276
3hop2__28727_92991_76291,content,shorten,2,3,0.8312627077102661,0.8337381482124329,0.8324986100196838,0.9571579694747925,0.9563806653022766,0.9567691087722778
3hop2__28727_92991_76291,content,elaborate,0,1,0.8666356801986694,0.8705233335494995,0.8685751557350159,0.8666356801986694,0.8705233335494995,0.8685751557350159
3hop2__28727_92991_76291,content,elaborate,0,2,0.8740658760070801,0.8763519525527954,0.8752074241638184,0.9307497143745422,0.9248216152191162,0.9277762174606323
3hop2__28727_92991_76291,content,elaborate,0,3,0.8720816373825073,0.8757951259613037,0.8739344477653503,0.9416564702987671,0.9397709369659424,0.9407127499580383
3hop2__28727_92991_76291,content,elaborate,1,1,0.8714562654495239,0.8747016787528992,0.8730759620666504,0.8714562654495239,0.8747016787528992,0.8730759620666504
3hop2__28727_92991_76291,content,elaborate,1,2,0.8551833629608154,0.857437789440155,0.8563090562820435,0.8890486359596252,0.8841517567634583,0.8865934014320374
3hop2__28727_92991_76291,content,elaborate,1,3,0.8640013933181763,0.8620345592498779,0.8630169034004211,0.9605392813682556,0.9500587582588196,0.9552702903747559
3hop2__28727_92991_76291,content,elaborate,2,1,0.8811048269271851,0.8893155455589294,0.8851912021636963,0.8811048269271851,0.8893155455589294,0.8851912021636963
3hop2__28727_92991_76291,content,elaborate,2,2,0.8719334602355957,0.8814069628715515,0.8766446113586426,0.9505707025527954,0.9506110548973083,0.9505909085273743
3hop2__28727_92991_76291,content,elaborate,2,3,0.8811147809028625,0.8860279321670532,0.8835644721984863,0.9499382376670837,0.9445493221282959,0.9472361207008362
3hop1__305566_568433_47686,style,formality,0,1,0.9556885957717896,0.9566199779510498,0.9561541080474854,0.9556885957717896,0.9566199779510498,0.9561541080474854
3hop1__305566_568433_47686,style,formality,0,2,0.9251435995101929,0.9152984619140625,0.920194685459137,0.954028844833374,0.9514849781990051,0.9527552127838135
3hop1__305566_568433_47686,style,formality,0,3,0.9218860268592834,0.9109761714935303,0.9163986444473267,0.9874814748764038,0.9878100156784058,0.98764568567276
3hop1__305566_568433_47686,style,formality,1,1,0.9721641540527344,0.9699349999427795,0.9710483551025391,0.9721641540527344,0.9699349999427795,0.9710483551025391
3hop1__305566_568433_47686,style,formality,1,2,0.9525347948074341,0.9547386169433594,0.9536353945732117,0.9681873321533203,0.9721876382827759,0.9701833724975586
3hop1__305566_568433_47686,style,formality,1,3,0.9386245012283325,0.9272494912147522,0.9329022765159607,0.9776285886764526,0.9711094498634338,0.974358081817627
3hop1__305566_568433_47686,style,formality,2,1,0.9503833055496216,0.9541105628013611,0.9522433280944824,0.9503833055496216,0.9541105628013611,0.9522433280944824
3hop1__305566_568433_47686,style,formality,2,2,0.9209126234054565,0.911957859992981,0.9164133667945862,0.9518209099769592,0.946937620639801,0.9493730068206787
3hop1__305566_568433_47686,style,formality,2,3,0.9057275056838989,0.8982809782028198,0.9019888639450073,0.967450737953186,0.9652805924415588,0.9663644433021545
3hop1__305566_568433_47686,style,paraphrase,0,1,0.9183632135391235,0.9277715682983398,0.923043429851532,0.9183632135391235,0.9277715682983398,0.923043429851532
3hop1__305566_568433_47686,style,paraphrase,0,2,0.8986720442771912,0.8930401802062988,0.8958472609519958,0.9472346305847168,0.9408925771713257,0.9440529346466064
3hop1__305566_568433_47686,style,paraphrase,0,3,0.8605545163154602,0.8434410095214844,0.8519118428230286,0.9073581695556641,0.8997905850410461,0.903558611869812
3hop1__305566_568433_47686,style,paraphrase,1,1,0.8888488411903381,0.8899213075637817,0.8893847465515137,0.8888488411903381,0.8899213075637817,0.8893847465515137
3hop1__305566_568433_47686,style,paraphrase,1,2,0.8765320777893066,0.8759201765060425,0.876226007938385,0.9551140069961548,0.9530342817306519,0.9540730118751526
3hop1__305566_568433_47686,style,paraphrase,1,3,0.8688523769378662,0.869721531867981,0.8692867755889893,0.9789368510246277,0.980551540851593,0.9797435402870178
3hop1__305566_568433_47686,style,paraphrase,2,1,0.9245165586471558,0.9240561127662659,0.9242862462997437,0.9245165586471558,0.9240561127662659,0.9242862462997437
3hop1__305566_568433_47686,style,paraphrase,2,2,0.896170973777771,0.9014152884483337,0.8987855315208435,0.9394148588180542,0.943524956703186,0.941465437412262
3hop1__305566_568433_47686,style,paraphrase,2,3,0.8927817344665527,0.8980783224105835,0.8954221606254578,0.9784714579582214,0.9801523685455322,0.9793111681938171
3hop1__305566_568433_47686,content,shorten,0,1,0.8305622339248657,0.804037868976593,0.817084789276123,0.8305622339248657,0.804037868976593,0.817084789276123
3hop1__305566_568433_47686,content,shorten,0,2,0.8101906180381775,0.7899253368377686,0.7999296188354492,0.9141299724578857,0.8873407244682312,0.9005361199378967
3hop1__305566_568433_47686,content,shorten,0,3,0.8033508062362671,0.7801603674888611,0.7915858626365662,0.9426584243774414,0.9236624240875244,0.9330637454986572
3hop1__305566_568433_47686,content,shorten,1,1,0.8701872825622559,0.851043701171875,0.8605090379714966,0.8701872825622559,0.851043701171875,0.8605090379714966
3hop1__305566_568433_47686,content,shorten,1,2,0.82819664478302,0.8190838098526001,0.8236150741577148,0.8808202743530273,0.8805854916572571,0.8807029128074646
3hop1__305566_568433_47686,content,shorten,1,3,0.8256776332855225,0.8162728548049927,0.8209483027458191,0.9740156531333923,0.9690734148025513,0.971538245677948
3hop1__305566_568433_47686,content,shorten,2,1,0.8659907579421997,0.8528125882148743,0.8593511581420898,0.8659907579421997,0.8528125882148743,0.8593511581420898
3hop1__305566_568433_47686,content,shorten,2,2,0.8549915552139282,0.8463199138641357,0.8506336808204651,0.9547857046127319,0.9580788612365723,0.9564294219017029
3hop1__305566_568433_47686,content,shorten,2,3,0.8312609195709229,0.8335434794425964,0.8324006199836731,0.9221067428588867,0.9272629022598267,0.9246776103973389
3hop1__305566_568433_47686,content,elaborate,0,1,0.9206627607345581,0.9158110022544861,0.9182304739952087,0.9206627607345581,0.9158110022544861,0.9182304739952087
3hop1__305566_568433_47686,content,elaborate,0,2,0.8894381523132324,0.8866892457008362,0.8880615830421448,0.9330281615257263,0.9309444427490234,0.9319851398468018
3hop1__305566_568433_47686,content,elaborate,0,3,0.8560311794281006,0.8529400825500488,0.8544828295707703,0.9536809921264648,0.9389513731002808,0.9462588429450989
3hop1__305566_568433_47686,content,elaborate,1,1,0.9155405759811401,0.9183686375617981,0.91695237159729,0.9155405759811401,0.9183686375617981,0.91695237159729
3hop1__305566_568433_47686,content,elaborate,1,2,0.8858083486557007,0.8862643241882324,0.8860362768173218,0.9403519034385681,0.93214350938797,0.9362297058105469
3hop1__305566_568433_47686,content,elaborate,1,3,0.8799947500228882,0.8812879920005798,0.8806409239768982,0.9784152507781982,0.9779512286186218,0.9781832098960876
3hop1__305566_568433_47686,content,elaborate,2,1,0.8845529556274414,0.8866785168647766,0.8856144547462463,0.8845529556274414,0.8866785168647766,0.8856144547462463
3hop1__305566_568433_47686,content,elaborate,2,2,0.86175137758255,0.8638929128646851,0.8628207445144653,0.9380974769592285,0.9305870532989502,0.9343271851539612
3hop1__305566_568433_47686,content,elaborate,2,3,0.8366379737854004,0.8346489667892456,0.8356422781944275,0.9480286836624146,0.9361301064491272,0.9420417547225952
3hop1__840353_503371_21711,style,formality,0,1,0.9309437274932861,0.9322284460067749,0.9315856099128723,0.9309437274932861,0.9322284460067749,0.9315856099128723
3hop1__840353_503371_21711,style,formality,0,2,0.9231700897216797,0.9218302369117737,0.9224997162818909,0.9831600189208984,0.9797829389572144,0.9814685583114624
3hop1__840353_503371_21711,style,formality,0,3,0.8950332403182983,0.8995101451873779,0.897266149520874,0.9354215860366821,0.9410616159439087,0.9382331371307373
3hop1__840353_503371_21711,style,formality,1,1,0.9287912845611572,0.9271053075790405,0.9279475212097168,0.9287912845611572,0.9271053075790405,0.9279475212097168
3hop1__840353_503371_21711,style,formality,1,2,0.8115066885948181,0.8168328404426575,0.8141610622406006,0.8268526792526245,0.8369939923286438,0.8318923711776733
3hop1__840353_503371_21711,style,formality,1,3,0.8095334768295288,0.8159184455871582,0.8127133846282959,0.972590446472168,0.9728603363037109,0.9727253317832947
3hop1__840353_503371_21711,style,formality,2,1,0.9052507877349854,0.905897855758667,0.9055742025375366,0.9052507877349854,0.905897855758667,0.9055742025375366
3hop1__840353_503371_21711,style,formality,2,2,0.9043022990226746,0.9056135416030884,0.9049574732780457,0.990477442741394,0.989845871925354,0.9901615381240845
3hop1__840353_503371_21711,style,formality,2,3,0.8993592858314514,0.9021302461624146,0.9007425904273987,0.9808518886566162,0.9838946461677551,0.9823709726333618
3hop1__840353_503371_21711,style,paraphrase,0,1,0.8728374242782593,0.8708751201629639,0.8718551397323608,0.8728374242782593,0.8708751201629639,0.8718551397323608
3hop1__840353_503371_21711,style,paraphrase,0,2,0.8618214130401611,0.8619844913482666,0.8619029521942139,0.9466032981872559,0.9495657086372375,0.9480822086334229
3hop1__840353_503371_21711,style,paraphrase,0,3,0.8567605018615723,0.8562767505645752,0.856518566608429,0.9688315391540527,0.9683770537376404,0.9686042070388794
3hop1__840353_503371_21711,style,paraphrase,1,1,0.8747989535331726,0.8738324642181396,0.8743153810501099,0.8747989535331726,0.8738324642181396,0.8743153810501099
3hop1__840353_503371_21711,style,paraphrase,1,2,0.8697305917739868,0.8699874877929688,0.8698590397834778,0.9700490236282349,0.9715940952301025,0.970820963382721
3hop1__840353_503371_21711,style,paraphrase,1,3,0.8617286682128906,0.8627253174781799,0.8622267246246338,0.9651678800582886,0.9681182503700256,0.9666407704353333
3hop1__840353_503371_21711,style,paraphrase,2,1,0.8767383098602295,0.8805476427078247,0.8786388635635376,0.8767383098602295,0.8805476427078247,0.8786388635635376
3hop1__840353_503371_21711,style,paraphrase,2,2,0.8723951578140259,0.8746984004974365,0.873545229434967,0.9700443744659424,0.9687118530273438,0.9693776965141296
3hop1__840353_503371_21711,style,paraphrase,2,3,0.8673952221870422,0.8685171604156494,0.8679558634757996,0.9689403176307678,0.9704703092575073,0.9697046875953674
3hop1__840353_503371_21711,content,shorten,0,1,0.8147915601730347,0.817364513874054,0.8160759806632996,0.8147915601730347,0.817364513874054,0.8160759806632996
3hop1__840353_503371_21711,content,shorten,0,2,0.7972537279129028,0.804570198059082,0.8008952736854553,0.9172152280807495,0.9000563621520996,0.9085547924041748
3hop1__840353_503371_21711,content,shorten,0,3,0.7997727394104004,0.8066602945327759,0.8032017946243286,0.973779022693634,0.969783365726471,0.971777081489563
3hop1__840353_503371_21711,content,shorten,1,1,0.8641113042831421,0.8625040650367737,0.8633069396018982,0.8641113042831421,0.8625040650367737,0.8633069396018982
3hop1__840353_503371_21711,content,shorten,1,2,0.8208034634590149,0.8361207246780396,0.8283912539482117,0.887588620185852,0.8956559896469116,0.8916040658950806
3hop1__840353_503371_21711,content,shorten,1,3,0.8163628578186035,0.8321055769920349,0.8241589665412903,0.9652866721153259,0.9676325917243958,0.966458261013031
3hop1__840353_503371_21711,content,shorten,2,1,0.8625099062919617,0.861060619354248,0.8617846369743347,0.8625099062919617,0.861060619354248,0.8617846369743347
3hop1__840353_503371_21711,content,shorten,2,2,0.8406712412834167,0.8410166501998901,0.840843915939331,0.920838475227356,0.9244990348815918,0.9226651787757874
3hop1__840353_503371_21711,content,shorten,2,3,0.8297674655914307,0.8357555866241455,0.8327507972717285,0.9482986330986023,0.9532092809677124,0.9507476687431335
3hop1__840353_503371_21711,content,elaborate,0,1,0.8951882719993591,0.8833855390548706,0.8892477750778198,0.8951882719993591,0.8833855390548706,0.8892477750778198
3hop1__840353_503371_21711,content,elaborate,0,2,0.8633763194084167,0.8579391241073608,0.8606491684913635,0.9189636707305908,0.9190481901168823,0.9190059304237366
3hop1__840353_503371_21711,content,elaborate,0,3,0.8420825004577637,0.8352493047714233,0.8386519551277161,0.9421254992485046,0.9337756633758545,0.9379319548606873
3hop1__840353_503371_21711,content,elaborate,1,1,0.8881714344024658,0.8846611976623535,0.8864127993583679,0.8881714344024658,0.8846611976623535,0.8864127993583679
3hop1__840353_503371_21711,content,elaborate,1,2,0.8648779392242432,0.8549295663833618,0.8598750233650208,0.9451866149902344,0.9342880249023438,0.9397057294845581
3hop1__840353_503371_21711,content,elaborate,1,3,0.8599402904510498,0.851689338684082,0.8557949066162109,0.9563820362091064,0.9544500708580017,0.9554150700569153
3hop1__840353_503371_21711,content,elaborate,2,1,0.8989591598510742,0.8917956948280334,0.8953630924224854,0.8989591598510742,0.8917956948280334,0.8953630924224854
3hop1__840353_503371_21711,content,elaborate,2,2,0.866351842880249,0.8624556064605713,0.8643993139266968,0.9279441833496094,0.9177112579345703,0.9227994084358215
3hop1__840353_503371_21711,content,elaborate,2,3,0.854786217212677,0.8513374328613281,0.8530583381652832,0.9599829912185669,0.9600018262863159,0.9599924087524414
4hop3__193820_466199_128875_72134,style,formality,0,1,0.9222507476806641,0.9172001481056213,0.9197185039520264,0.9222507476806641,0.9172001481056213,0.9197185039520264
4hop3__193820_466199_128875_72134,style,formality,0,2,0.9235687255859375,0.9179942607879639,0.9207730293273926,0.9892501831054688,0.9888043999671936,0.9890272617340088
4hop3__193820_466199_128875_72134,style,formality,0,3,0.9210573434829712,0.9150123596191406,0.9180248975753784,0.9852547645568848,0.9846938848495483,0.984974205493927
4hop3__193820_466199_128875_72134,style,formality,1,1,0.9313160181045532,0.9279001951217651,0.9296049475669861,0.9313160181045532,0.9279001951217651,0.9296049475669861
4hop3__193820_466199_128875_72134,style,formality,1,2,0.9208417534828186,0.9166925549507141,0.9187625050544739,0.9625740647315979,0.9633142948150635,0.9629440903663635
4hop3__193820_466199_128875_72134,style,formality,1,3,0.9185782670974731,0.9145618677139282,0.9165656566619873,0.9914810657501221,0.9911494255065918,0.9913152456283569
4hop3__193820_466199_128875_72134,style,formality,2,1,0.9136382341384888,0.9087461829185486,0.9111856818199158,0.9136382341384888,0.9087461829185486,0.9111856818199158
4hop3__193820_466199_128875_72134,style,formality,2,2,0.9145650863647461,0.9092437624931335,0.9118965864181519,0.9660419225692749,0.9667205810546875,0.9663811326026917
4hop3__193820_466199_128875_72134,style,formality,2,3,0.9079365730285645,0.9028082489967346,0.9053651690483093,0.9698946475982666,0.9719353914260864,0.9709139466285706
4hop3__193820_466199_128875_72134,style,paraphrase,0,1,0.8882362842559814,0.8843003511428833,0.8862639665603638,0.8882362842559814,0.8843003511428833,0.8862639665603638
4hop3__193820_466199_128875_72134,style,paraphrase,0,2,0.8768747448921204,0.8731274008750916,0.874997079372406,0.9603365063667297,0.9620468616485596,0.9611909985542297
4hop3__193820_466199_128875_72134,style,paraphrase,0,3,0.8746548295021057,0.8673283457756042,0.8709762096405029,0.9758701324462891,0.9738034605979919,0.9748356342315674
4hop3__193820_466199_128875_72134,style,paraphrase,1,1,0.8891076445579529,0.8854383230209351,0.8872691988945007,0.8891076445579529,0.8854383230209351,0.8872691988945007
4hop3__193820_466199_128875_72134,style,paraphrase,1,2,0.8615398406982422,0.8613690137863159,0.8614543676376343,0.9077897071838379,0.9196105599403381,0.9136619567871094
4hop3__193820_466199_128875_72134,style,paraphrase,1,3,0.8522722721099854,0.8544543981552124,0.853361964225769,0.970931887626648,0.9732259511947632,0.9720775485038757
4hop3__193820_466199_128875_72134,style,paraphrase,2,1,0.8842669725418091,0.882536768913269,0.8834010362625122,0.8842669725418091,0.882536768913269,0.8834010362625122
4hop3__193820_466199_128875_72134,style,paraphrase,2,2,0.8813539743423462,0.8762689232826233,0.878804087638855,0.9790918231010437,0.9777691960334778,0.9784300327301025
4hop3__193820_466199_128875_72134,style,paraphrase,2,3,0.8716154098510742,0.8675663471221924,0.869586169719696,0.9612796306610107,0.9615229964256287,0.9614012241363525
4hop3__193820_466199_128875_72134,content,shorten,0,1,0.8400890231132507,0.8148905038833618,0.8272979259490967,0.8400890231132507,0.8148905038833618,0.8272979259490967
4hop3__193820_466199_128875_72134,content,shorten,0,2,0.8318527936935425,0.790309488773346,0.8105491995811462,0.9309729337692261,0.8917081356048584,0.9109176397323608
4hop3__193820_466199_128875_72134,content,shorten,0,3,0.8243824243545532,0.7756989002227783,0.7993000745773315,0.9551580548286438,0.943149983882904,0.949116051197052
4hop3__193820_466199_128875_72134,content,shorten,1,1,0.8654838800430298,0.8658778071403503,0.8656808733940125,0.8654838800430298,0.8658778071403503,0.8656808733940125
4hop3__193820_466199_128875_72134,content,shorten,1,2,0.8238786458969116,0.8228248357772827,0.8233514428138733,0.8965154886245728,0.8910491466522217,0.8937739729881287
4hop3__193820_466199_128875_72134,content,shorten,1,3,0.8193645477294922,0.8113231658935547,0.8153240084648132,0.9293878078460693,0.919759213924408,0.9245483875274658
4hop3__193820_466199_128875_72134,content,shorten,2,1,0.8621708750724792,0.8626540899276733,0.8624124526977539,0.8621708750724792,0.8626540899276733,0.8624124526977539
4hop3__193820_466199_128875_72134,content,shorten,2,2,0.8550317883491516,0.8516037464141846,0.8533143401145935,0.9675227999687195,0.9656982421875,0.9666095972061157
4hop3__193820_466199_128875_72134,content,shorten,2,3,0.8439911603927612,0.8406479954719543,0.842316210269928,0.9580265283584595,0.953608512878418,0.9558124542236328
4hop3__193820_466199_128875_72134,content,elaborate,0,1,0.8904215097427368,0.880752682685852,0.8855606913566589,0.8904215097427368,0.880752682685852,0.8855606913566589
4hop3__193820_466199_128875_72134,content,elaborate,0,2,0.8687433004379272,0.8621208071708679,0.8654194474220276,0.9342327117919922,0.935576319694519,0.9349040389060974
4hop3__193820_466199_128875_72134,content,elaborate,0,3,0.8492822051048279,0.8366928100585938,0.8429405093193054,0.9205663800239563,0.9123837947845459,0.9164568781852722
4hop3__193820_466199_128875_72134,content,elaborate,1,1,0.906563401222229,0.9021246433258057,0.9043385982513428,0.906563401222229,0.9021246433258057,0.9043385982513428
4hop3__193820_466199_128875_72134,content,elaborate,1,2,0.8754742741584778,0.8690345287322998,0.8722425103187561,0.9229742288589478,0.9156953692436218,0.9193204045295715
4hop3__193820_466199_128875_72134,content,elaborate,1,3,0.8586059808731079,0.8430460691452026,0.8507549166679382,0.9325135350227356,0.9220292568206787,0.9272418022155762
4hop3__193820_466199_128875_72134,content,elaborate,2,1,0.9060272574424744,0.9014812707901001,0.9037485718727112,0.9060272574424744,0.9014812707901001,0.9037485718727112
4hop3__193820_466199_128875_72134,content,elaborate,2,2,0.8726158738136292,0.8687516450881958,0.870679497718811,0.9138424396514893,0.9117651581764221,0.9128026366233826
4hop3__193820_466199_128875_72134,content,elaborate,2,3,0.8584573268890381,0.8478693962097168,0.8531304597854614,0.9464796781539917,0.9371541142463684,0.9417937994003296
4hop1__567737_141375_458768_33633,style,formality,0,1,0.9343992471694946,0.9365099668502808,0.9354534149169922,0.9343992471694946,0.9365099668502808,0.9354534149169922
4hop1__567737_141375_458768_33633,style,formality,0,2,0.9211905598640442,0.9218747615814209,0.9215325117111206,0.9721905589103699,0.9732781052589417,0.9727340340614319
4hop1__567737_141375_458768_33633,style,formality,0,3,0.9209944605827332,0.9207069873809814,0.9208506345748901,0.9902795553207397,0.9889506697654724,0.989614725112915
4hop1__567737_141375_458768_33633,style,formality,1,1,0.9317761659622192,0.9280929565429688,0.9299309253692627,0.9317761659622192,0.9280929565429688,0.9299309253692627
4hop1__567737_141375_458768_33633,style,formality,1,2,0.9147424101829529,0.9089779257774353,0.9118511080741882,0.9646598100662231,0.963984489440918,0.964322030544281
4hop1__567737_141375_458768_33633,style,formality,1,3,0.9091458916664124,0.901738166809082,0.9054268598556519,0.979404628276825,0.9785834550857544,0.9789938926696777
4hop1__567737_141375_458768_33633,style,formality,2,1,0.9325545430183411,0.9341177940368652,0.933335542678833,0.9325545430183411,0.9341177940368652,0.933335542678833
4hop1__567737_141375_458768_33633,style,formality,2,2,0.889073371887207,0.8876792192459106,0.8883756995201111,0.912855863571167,0.9148614406585693,0.9138575792312622
4hop1__567737_141375_458768_33633,style,formality,2,3,0.8899791240692139,0.8861947059631348,0.8880829215049744,0.9676328301429749,0.9652000069618225,0.9664148688316345
4hop1__567737_141375_458768_33633,style,paraphrase,0,1,0.8691209554672241,0.8654736876487732,0.8672935366630554,0.8691209554672241,0.8654736876487732,0.8672935366630554
4hop1__567737_141375_458768_33633,style,paraphrase,0,2,0.8639621734619141,0.8604273796081543,0.8621912002563477,0.9610360860824585,0.9608310461044312,0.9609335660934448
4hop1__567737_141375_458768_33633,style,paraphrase,0,3,0.8604470491409302,0.8572939038276672,0.8588675260543823,0.976184070110321,0.9758120775222778,0.9759981036186218
4hop1__567737_141375_458768_33633,style,paraphrase,1,1,0.8933984637260437,0.8895589709281921,0.8914745450019836,0.8933984637260437,0.8895589709281921,0.8914745450019836
4hop1__567737_141375_458768_33633,style,paraphrase,1,2,0.8880599141120911,0.884773850440979,0.8864138126373291,0.9429770708084106,0.9421114921569824,0.9425441026687622
4hop1__567737_141375_458768_33633,style,paraphrase,1,3,0.8807777762413025,0.8788663148880005,0.8798210620880127,0.9497764110565186,0.951846718788147,0.9508104920387268
4hop1__567737_141375_458768_33633,style,paraphrase,2,1,0.8981380462646484,0.8911910653114319,0.8946511149406433,0.8981380462646484,0.8911910653114319,0.8946511149406433
4hop1__567737_141375_458768_33633,style,paraphrase,2,2,0.8828682899475098,0.8814756870269775,0.8821713924407959,0.952771008014679,0.9570533037185669,0.9549073576927185
4hop1__567737_141375_458768_33633,style,paraphrase,2,3,0.8781939148902893,0.8753995299339294,0.8767944574356079,0.9711955785751343,0.9715472459793091,0.9713713526725769
4hop1__567737_141375_458768_33633,content,shorten,0,1,0.8513196706771851,0.8396943211555481,0.8454669713973999,0.8513196706771851,0.8396943211555481,0.8454669713973999
4hop1__567737_141375_458768_33633,content,shorten,0,2,0.8505211472511292,0.8382140398025513,0.844322681427002,0.9767130613327026,0.9708304405212402,0.9737628698348999
4hop1__567737_141375_458768_33633,content,shorten,0,3,0.8556323051452637,0.8452579379081726,0.85041344165802,0.9251177310943604,0.9114618301391602,0.9182389974594116
4hop1__567737_141375_458768_33633,content,shorten,1,1,0.8753781318664551,0.8630170822143555,0.8691536784172058,0.8753781318664551,0.8630170822143555,0.8691536784172058
4hop1__567737_141375_458768_33633,content,shorten,1,2,0.8678807020187378,0.8564752340316772,0.8621402382850647,0.9654855132102966,0.9672718644142151,0.966377854347229
4hop1__567737_141375_458768_33633,content,shorten,1,3,0.8620237708091736,0.8503867983818054,0.8561657071113586,0.9772999286651611,0.9774578809738159,0.9773789048194885
4hop1__567737_141375_458768_33633,content,shorten,2,1,0.8761018514633179,0.8755965828895569,0.8758491277694702,0.8761018514633179,0.8755965828895569,0.8758491277694702
4hop1__567737_141375_458768_33633,content,shorten,2,2,0.8694900274276733,0.8657512068748474,0.867616593837738,0.961073100566864,0.9612784385681152,0.9611756801605225
4hop1__567737_141375_458768_33633,content,shorten,2,3,0.8675631284713745,0.8642752170562744,0.8659160733222961,0.9712191820144653,0.9721575975418091,0.9716881513595581
4hop1__567737_141375_458768_33633,content,elaborate,0,1,0.8982518911361694,0.8931394815444946,0.8956883549690247,0.8982518911361694,0.8931394815444946,0.8956883549690247
4hop1__567737_141375_458768_33633,content,elaborate,0,2,0.8877150416374207,0.8846194744110107,0.8861644864082336,0.9580092430114746,0.9578375220298767,0.9579233527183533
4hop1__567737_141375_458768_33633,content,elaborate,0,3,0.8673544526100159,0.8585637807846069,0.8629366755485535,0.9589251279830933,0.9512022137641907,0.9550480246543884
4hop1__567737_141375_458768_33633,content,elaborate,1,1,0.92203688621521,0.9212700128555298,0.9216532707214355,0.92203688621521,0.9212700128555298,0.9216532707214355
4hop1__567737_141375_458768_33633,content,elaborate,1,2,0.9000113010406494,0.896515965461731,0.898260235786438,0.9341636896133423,0.9289427995681763,0.9315459132194519
4hop1__567737_141375_458768_33633,content,elaborate,1,3,0.8984825015068054,0.8973418474197388,0.897911787033081,0.9528770446777344,0.9567770957946777,0.9548231363296509
4hop1__567737_141375_458768_33633,content,elaborate,2,1,0.9087678790092468,0.9026167392730713,0.905681848526001,0.9087678790092468,0.9026167392730713,0.905681848526001
4hop1__567737_141375_458768_33633,content,elaborate,2,2,0.897950291633606,0.8928650617599487,0.8954004645347595,0.96490478515625,0.9658990502357483,0.9654017090797424
4hop1__567737_141375_458768_33633,content,elaborate,2,3,0.8795994520187378,0.8768779039382935,0.8782365918159485,0.9440627694129944,0.9415431022644043,0.942801296710968
4hop1__9007_698949_157828_162309,style,formality,0,1,0.8996483087539673,0.8976246118545532,0.8986352682113647,0.8996483087539673,0.8976246118545532,0.8986352682113647
4hop1__9007_698949_157828_162309,style,formality,0,2,0.8782440423965454,0.8817405104637146,0.8799888491630554,0.9497511982917786,0.9573326706886292,0.9535268545150757
4hop1__9007_698949_157828_162309,style,formality,0,3,0.8693872690200806,0.8744359016418457,0.8719043135643005,0.9735387563705444,0.9740173816680908,0.9737780094146729
4hop1__9007_698949_157828_162309,style,formality,1,1,0.9102203249931335,0.9122105836868286,0.9112144112586975,0.9102203249931335,0.9122105836868286,0.9112144112586975
4hop1__9007_698949_157828_162309,style,formality,1,2,0.8987147808074951,0.8978578448295593,0.8982861042022705,0.955963134765625,0.9538424015045166,0.9549015760421753
4hop1__9007_698949_157828_162309,style,formality,1,3,0.8963175415992737,0.8960511684417725,0.8961843252182007,0.9759000539779663,0.975048303604126,0.9754739999771118
4hop1__9007_698949_157828_162309,style,formality,2,1,0.9023525714874268,0.9043936729431152,0.9033719301223755,0.9023525714874268,0.9043936729431152,0.9033719301223755
4hop1__9007_698949_157828_162309,style,formality,2,2,0.9017355442047119,0.9007391333580017,0.9012370705604553,0.9723168611526489,0.9696216583251953,0.9709674119949341
4hop1__9007_698949_157828_162309,style,formality,2,3,0.8991997241973877,0.8988219499588013,0.8990107774734497,0.9849767684936523,0.9842045307159424,0.984590470790863
4hop1__9007_698949_157828_162309,style,paraphrase,0,1,0.8737540245056152,0.8671743273735046,0.8704516887664795,0.8737540245056152,0.8671743273735046,0.8704516887664795
4hop1__9007_698949_157828_162309,style,paraphrase,0,2,0.8639734983444214,0.8607922792434692,0.8623799085617065,0.9593865275382996,0.9617152214050293,0.9605494737625122
4hop1__9007_698949_157828_162309,style,paraphrase,0,3,0.8562312126159668,0.8532395958900452,0.8547328114509583,0.9301665425300598,0.9294686317443848,0.9298174381256104
4hop1__9007_698949_157828_162309,style,paraphrase,1,1,0.9156103730201721,0.9176488518714905,0.9166284799575806,0.9156103730201721,0.9176488518714905,0.9166284799575806
4hop1__9007_698949_157828_162309,style,paraphrase,1,2,0.8763566017150879,0.8667084574699402,0.8715057969093323,0.9088068008422852,0.9005140066146851,0.9046413898468018
4hop1__9007_698949_157828_162309,style,paraphrase,1,3,0.8622784614562988,0.8572514057159424,0.8597576022148132,0.9023302793502808,0.9084420204162598,0.9053758382797241
4hop1__9007_698949_157828_162309,style,paraphrase,2,1,0.9259820580482483,0.9240419864654541,0.9250110387802124,0.9259820580482483,0.9240419864654541,0.9250110387802124
4hop1__9007_698949_157828_162309,style,paraphrase,2,2,0.892473042011261,0.8887896537780762,0.8906275629997253,0.9235854744911194,0.9242858290672302,0.9239354729652405
4hop1__9007_698949_157828_162309,style,paraphrase,2,3,0.8639093041419983,0.8630937337875366,0.8635013103485107,0.9003187417984009,0.9046275615692139,0.9024679660797119
4hop1__9007_698949_157828_162309,content,shorten,0,1,0.8403158187866211,0.8360313177108765,0.8381680846214294,0.8403158187866211,0.8360313177108765,0.8381680846214294
4hop1__9007_698949_157828_162309,content,shorten,0,2,0.8387652635574341,0.825660765171051,0.8321614265441895,0.9190811514854431,0.888186514377594,0.9033697247505188
4hop1__9007_698949_157828_162309,content,shorten,0,3,0.8211016654968262,0.8049101233482361,0.8129252791404724,0.9320363402366638,0.9088485836982727,0.9202964305877686
4hop1__9007_698949_157828_162309,content,shorten,1,1,0.871796190738678,0.8665412664413452,0.8691607713699341,0.871796190738678,0.8665412664413452,0.8691607713699341
4hop1__9007_698949_157828_162309,content,shorten,1,2,0.8339940309524536,0.829357385635376,0.831669270992279,0.8980328440666199,0.8970603942871094,0.8975462913513184
4hop1__9007_698949_157828_162309,content,shorten,1,3,0.8347251415252686,0.8285454511642456,0.8316237926483154,0.9735813140869141,0.9705148935317993,0.9720457196235657
4hop1__9007_698949_157828_162309,content,shorten,2,1,0.8972799777984619,0.9049487709999084,0.9010980725288391,0.8972799777984619,0.9049487709999084,0.9010980725288391
4hop1__9007_698949_157828_162309,content,shorten,2,2,0.8691585063934326,0.8683733940124512,0.8687657713890076,0.9159119129180908,0.9128240346908569,0.9143654108047485
4hop1__9007_698949_157828_162309,content,shorten,2,3,0.8627423048019409,0.8615130186080933,0.8621272444725037,0.9662314057350159,0.9666743874549866,0.9664528369903564
4hop1__9007_698949_157828_162309,content,elaborate,0,1,0.9161860942840576,0.9160648584365845,0.916125476360321,0.9161860942840576,0.9160648584365845,0.916125476360321
4hop1__9007_698949_157828_162309,content,elaborate,0,2,0.9038114547729492,0.9044175148010254,0.9041144251823425,0.9577317237854004,0.9553164839744568,0.956522524356842
4hop1__9007_698949_157828_162309,content,elaborate,0,3,0.8757299780845642,0.8761085271835327,0.8759192228317261,0.928878903388977,0.9226806163787842,0.9257693886756897
4hop1__9007_698949_157828_162309,content,elaborate,1,1,0.9136142730712891,0.9145585298538208,0.9140861630439758,0.9136142730712891,0.9145585298538208,0.9140861630439758
4hop1__9007_698949_157828_162309,content,elaborate,1,2,0.900536298751831,0.9003689289093018,0.9004526138305664,0.9449473023414612,0.9427382946014404,0.9438415765762329
4hop1__9007_698949_157828_162309,content,elaborate,1,3,0.8765212297439575,0.875226616859436,0.8758734464645386,0.9527324438095093,0.9480654001235962,0.9503931999206543
4hop1__9007_698949_157828_162309,content,elaborate,2,1,0.9006298184394836,0.897896409034729,0.8992610573768616,0.9006298184394836,0.897896409034729,0.8992610573768616
4hop1__9007_698949_157828_162309,content,elaborate,2,2,0.878558874130249,0.8708102703094482,0.8746674060821533,0.9501563906669617,0.9419331550598145,0.9460269212722778
4hop1__9007_698949_157828_162309,content,elaborate,2,3,0.8919878602027893,0.8872708082199097,0.8896230459213257,0.9593161344528198,0.9652125835418701,0.9622553586959839
4hop1__130276_59747_211319_557671,style,formality,0,1,0.9216645956039429,0.9031084775924683,0.9122921824455261,0.9216645956039429,0.9031084775924683,0.9122921824455261
4hop1__130276_59747_211319_557671,style,formality,0,2,0.9138084650039673,0.8988094329833984,0.9062469005584717,0.9797455668449402,0.9813032150268555,0.9805237054824829
4hop1__130276_59747_211319_557671,style,formality,0,3,0.9136561155319214,0.8986214399337769,0.9060764312744141,0.9998435974121094,0.9998435974121094,0.9998435974121094
4hop1__130276_59747_211319_557671,style,formality,1,1,0.9210506677627563,0.9249342083930969,0.9229882955551147,0.9210506677627563,0.9249342083930969,0.9229882955551147
4hop1__130276_59747_211319_557671,style,formality,1,2,0.9111502170562744,0.8981857895851135,0.9046216011047363,0.9732586145401001,0.965415894985199,0.9693214297294617
4hop1__130276_59747_211319_557671,style,formality,1,3,0.9094740748405457,0.8948044776916504,0.9020795822143555,0.984831690788269,0.9839015007019043,0.9843664169311523
4hop1__130276_59747_211319_557671,style,formality,2,1,0.9037803411483765,0.8819285035133362,0.8927206993103027,0.9037803411483765,0.8819285035133362,0.8927206993103027
4hop1__130276_59747_211319_557671,style,formality,2,2,0.8932991623878479,0.8710268139839172,0.8820223808288574,0.970751941204071,0.9715609550476074,0.9711562395095825
4hop1__130276_59747_211319_557671,style,formality,2,3,0.8921067714691162,0.8718546032905579,0.8818644285202026,0.9794286489486694,0.9822075366973877,0.980816125869751
4hop1__130276_59747_211319_557671,style,paraphrase,0,1,0.8677822947502136,0.8336246013641357,0.8503605127334595,0.8677822947502136,0.8336246013641357,0.8503605127334595
4hop1__130276_59747_211319_557671,style,paraphrase,0,2,0.8645370602607727,0.8316313028335571,0.8477649688720703,0.9695343375205994,0.9698131680488586,0.9696736931800842
4hop1__130276_59747_211319_557671,style,paraphrase,0,3,0.859595537185669,0.8304765820503235,0.8447852730751038,0.9663938283920288,0.9669980406761169,0.9666958451271057
4hop1__130276_59747_211319_557671,style,paraphrase,1,1,0.8785669803619385,0.8600432872772217,0.8692064881324768,0.8785669803619385,0.8600432872772217,0.8692064881324768
4hop1__130276_59747_211319_557671,style,paraphrase,1,2,0.8718846440315247,0.8531463742256165,0.862413763999939,0.9716700315475464,0.9723736047744751,0.9720216989517212
4hop1__130276_59747_211319_557671,style,paraphrase,1,3,0.8688132166862488,0.8521003723144531,0.8603756427764893,0.9681159257888794,0.967670202255249,0.9678930044174194
4hop1__130276_59747_211319_557671,style,paraphrase,2,1,0.8531641960144043,0.8307089805603027,0.8417868614196777,0.8531641960144043,0.8307089805603027,0.8417868614196777
4hop1__130276_59747_211319_557671,style,paraphrase,2,2,0.8581211566925049,0.8326135873794556,0.8451749682426453,0.970170259475708,0.9675933718681335,0.9688800573348999
4hop1__130276_59747_211319_557671,style,paraphrase,2,3,0.8589277267456055,0.8330658674240112,0.8457991480827332,0.9768806099891663,0.9770498275756836,0.9769652485847473
4hop1__130276_59747_211319_557671,content,shorten,0,1,0.826682448387146,0.8002482056617737,0.8132505416870117,0.826682448387146,0.8002482056617737,0.8132505416870117
4hop1__130276_59747_211319_557671,content,shorten,0,2,0.8092767596244812,0.7846893072128296,0.7967934012413025,0.9421135187149048,0.9291195273399353,0.9355714321136475
4hop1__130276_59747_211319_557671,content,shorten,0,3,0.8063018321990967,0.7808290719985962,0.7933610081672668,0.976364016532898,0.9667257070541382,0.9715209603309631
4hop1__130276_59747_211319_557671,content,shorten,1,1,0.8450896739959717,0.8192648887634277,0.8319769501686096,0.8450896739959717,0.8192648887634277,0.8319769501686096
4hop1__130276_59747_211319_557671,content,shorten,1,2,0.8400219678878784,0.8130637407302856,0.8263230323791504,0.9661478996276855,0.9617778062820435,0.9639579057693481
4hop1__130276_59747_211319_557671,content,shorten,1,3,0.8349403738975525,0.8092578649520874,0.8218985795974731,0.9683069586753845,0.9655139446258545,0.9669083952903748
4hop1__130276_59747_211319_557671,content,shorten,2,1,0.8694031238555908,0.8447956442832947,0.8569227457046509,0.8694031238555908,0.8447956442832947,0.8569227457046509
4hop1__130276_59747_211319_557671,content,shorten,2,2,0.8479090929031372,0.8199503421783447,0.8336954116821289,0.9344950914382935,0.9334097504615784,0.9339520931243896
4hop1__130276_59747_211319_557671,content,shorten,2,3,0.8613185882568359,0.8296694159507751,0.8451977968215942,0.9492019414901733,0.9463369846343994,0.9477672576904297
4hop1__130276_59747_211319_557671,content,elaborate,0,1,0.8903759121894836,0.8771214485168457,0.8836990594863892,0.8903759121894836,0.8771214485168457,0.8836990594863892
4hop1__130276_59747_211319_557671,content,elaborate,0,2,0.8867720365524292,0.8764687776565552,0.8815903067588806,0.931416392326355,0.9273320436477661,0.9293697476387024
4hop1__130276_59747_211319_557671,content,elaborate,0,3,0.882217526435852,0.8705098628997803,0.8763246536254883,0.9556069374084473,0.9488805532455444,0.9522318243980408
4hop1__130276_59747_211319_557671,content,elaborate,1,1,0.8876414895057678,0.8753409385681152,0.8814483284950256,0.8876414895057678,0.8753409385681152,0.8814483284950256
4hop1__130276_59747_211319_557671,content,elaborate,1,2,0.8750486373901367,0.8661587238311768,0.8705809712409973,0.9538666009902954,0.9517703056335449,0.9528172612190247
4hop1__130276_59747_211319_557671,content,elaborate,1,3,0.8625363111495972,0.8524025678634644,0.8574395179748535,0.9417539834976196,0.9411302208900452,0.9414419531822205
4hop1__130276_59747_211319_557671,content,elaborate,2,1,0.9135127067565918,0.8988374471664429,0.9061156511306763,0.9135127067565918,0.8988374471664429,0.9061156511306763
4hop1__130276_59747_211319_557671,content,elaborate,2,2,0.879356324672699,0.8686274886131287,0.8739590048789978,0.9342068433761597,0.9365677833557129,0.9353858232498169
4hop1__130276_59747_211319_557671,content,elaborate,2,3,0.8765497207641602,0.8581108450889587,0.8672322630882263,0.947405219078064,0.9363187551498413,0.9418293833732605
4hop1__88342_75218_128008_80487,style,formality,0,1,0.945281982421875,0.9429753422737122,0.9441273212432861,0.945281982421875,0.9429753422737122,0.9441273212432861
4hop1__88342_75218_128008_80487,style,formality,0,2,0.8875830769538879,0.8899387121200562,0.8887592554092407,0.9109755158424377,0.9108695983886719,0.9109225869178772
4hop1__88342_75218_128008_80487,style,formality,0,3,0.8759866952896118,0.879387378692627,0.877683699131012,0.9441142082214355,0.9455180764198303,0.9448156952857971
4hop1__88342_75218_128008_80487,style,formality,1,1,0.9095792770385742,0.905585527420044,0.9075780510902405,0.9095792770385742,0.905585527420044,0.9075780510902405
4hop1__88342_75218_128008_80487,style,formality,1,2,0.886091947555542,0.8869178295135498,0.8865047097206116,0.9321142435073853,0.93953537940979,0.9358100891113281
4hop1__88342_75218_128008_80487,style,formality,1,3,0.8795862197875977,0.879325270652771,0.8794557452201843,0.9712967276573181,0.9723726511001587,0.9718344211578369
4hop1__88342_75218_128008_80487,style,formality,2,1,0.8959310054779053,0.8949038982391357,0.8954172134399414,0.8959310054779053,0.8949038982391357,0.8954172134399414
4hop1__88342_75218_128008_80487,style,formality,2,2,0.8894739151000977,0.8858184814453125,0.8876424431800842,0.9782391786575317,0.9781944751739502,0.978216826915741
4hop1__88342_75218_128008_80487,style,formality,2,3,0.8786795139312744,0.8783404231071472,0.8785098791122437,0.9634412527084351,0.9656561613082886,0.9645474553108215
4hop1__88342_75218_128008_80487,style,paraphrase,0,1,0.8832690119743347,0.8852097988128662,0.8842383623123169,0.8832690119743347,0.8852097988128662,0.8842383623123169
4hop1__88342_75218_128008_80487,style,paraphrase,0,2,0.8154358863830566,0.8069608211517334,0.8111761808395386,0.8330748081207275,0.825687050819397,0.8293644785881042
4hop1__88342_75218_128008_80487,style,paraphrase,0,3,0.8161028027534485,0.8087992668151855,0.8124346137046814,0.9411303997039795,0.9478812217712402,0.9444937705993652
4hop1__88342_75218_128008_80487,style,paraphrase,1,1,0.8567041158676147,0.8633458614349365,0.8600121736526489,0.8567041158676147,0.8633458614349365,0.8600121736526489
4hop1__88342_75218_128008_80487,style,paraphrase,1,2,0.8364168405532837,0.8406480550765991,0.8385271430015564,0.908778190612793,0.9084588289260864,0.9086185097694397
4hop1__88342_75218_128008_80487,style,paraphrase,1,3,0.8349555730819702,0.836578369140625,0.8357661962509155,0.9545959830284119,0.9533849954605103,0.95399010181427
4hop1__88342_75218_128008_80487,style,paraphrase,2,1,0.8816652297973633,0.8789750337600708,0.8803180456161499,0.8816652297973633,0.8789750337600708,0.8803180456161499
4hop1__88342_75218_128008_80487,style,paraphrase,2,2,0.8582111597061157,0.8582887649536133,0.8582499623298645,0.9203505516052246,0.9255836009979248,0.9229596257209778
4hop1__88342_75218_128008_80487,style,paraphrase,2,3,0.8552404046058655,0.85332190990448,0.8542800545692444,0.9597012996673584,0.9609244465827942,0.9603124856948853
4hop1__88342_75218_128008_80487,content,shorten,0,1,0.8352904915809631,0.8353831171989441,0.8353368043899536,0.8352904915809631,0.8353831171989441,0.8353368043899536
4hop1__88342_75218_128008_80487,content,shorten,0,2,0.8177168369293213,0.8094630837440491,0.8135690689086914,0.9189797639846802,0.9057122468948364,0.912297785282135
4hop1__88342_75218_128008_80487,content,shorten,0,3,0.8037422895431519,0.7966322898864746,0.8001714944839478,0.9188125133514404,0.900162935256958,0.9093921184539795
4hop1__88342_75218_128008_80487,content,shorten,1,1,0.841745138168335,0.832953691482544,0.8373263478279114,0.841745138168335,0.832953691482544,0.8373263478279114
4hop1__88342_75218_128008_80487,content,shorten,1,2,0.831916332244873,0.8260136842727661,0.8289544582366943,0.9443097710609436,0.9433987140655518,0.943854033946991
4hop1__88342_75218_128008_80487,content,shorten,1,3,0.8263038992881775,0.8190202713012695,0.8226459622383118,0.9471350908279419,0.9447705745697021,0.9459513425827026
4hop1__88342_75218_128008_80487,content,shorten,2,1,0.8628143072128296,0.8636467456817627,0.8632303476333618,0.8628143072128296,0.8636467456817627,0.8632303476333618
4hop1__88342_75218_128008_80487,content,shorten,2,2,0.8487449288368225,0.8493878245353699,0.8490662574768066,0.9290489554405212,0.9299370050430298,0.9294927716255188
4hop1__88342_75218_128008_80487,content,shorten,2,3,0.8399048447608948,0.8352071046829224,0.8375493884086609,0.9212719202041626,0.9194736480712891,0.9203718900680542
4hop1__88342_75218_128008_80487,content,elaborate,0,1,0.9026129245758057,0.9056912660598755,0.9041495323181152,0.9026129245758057,0.9056912660598755,0.9041495323181152
4hop1__88342_75218_128008_80487,content,elaborate,0,2,0.8883439898490906,0.8877636790275574,0.8880537748336792,0.9082577228546143,0.9042406678199768,0.9062447547912598
4hop1__88342_75218_128008_80487,content,elaborate,0,3,0.8806451559066772,0.8790017366409302,0.8798226714134216,0.9644972085952759,0.9620163440704346,0.9632552266120911
4hop1__88342_75218_128008_80487,content,elaborate,1,1,0.9230371713638306,0.9208002686500549,0.9219173192977905,0.9230371713638306,0.9208002686500549,0.9219173192977905
4hop1__88342_75218_128008_80487,content,elaborate,1,2,0.8415788412094116,0.8432604074478149,0.8424187898635864,0.8581986427307129,0.8654820919036865,0.8618249297142029
4hop1__88342_75218_128008_80487,content,elaborate,1,3,0.8419453501701355,0.8411908149719238,0.841567873954773,0.9251388311386108,0.9232057332992554,0.9241712689399719
4hop1__88342_75218_128008_80487,content,elaborate,2,1,0.9300984144210815,0.9287423491477966,0.9294199347496033,0.9300984144210815,0.9287423491477966,0.9294199347496033
4hop1__88342_75218_128008_80487,content,elaborate,2,2,0.8993997573852539,0.9060029983520508,0.9026892781257629,0.9415116310119629,0.9487118124961853,0.9450979828834534
4hop1__88342_75218_128008_80487,content,elaborate,2,3,0.9007741212844849,0.9061319828033447,0.9034450650215149,0.9863379001617432,0.9856203198432922,0.9859790205955505
