qid,group,instruction_type,run,step,fact,label,raw
2hop__635544_110949,content,elaborate,0,0,Shirley is a person.,E0,
2hop__635544_110949,content,elaborate,0,0,Shirley Abicair was born in Melbourne.,E0,
2hop__635544_110949,content,elaborate,0,0,Melbourne is in Victoria.,E0,
2hop__635544_110949,content,elaborate,0,0,Victoria is in Australia.,E0,
2hop__635544_110949,content,elaborate,0,0,Some sources show her year of birth as 1935.,E0,
2hop__635544_110949,content,elaborate,0,0,A contemporary account shows she was 23 or 24 on arrival in Britain.,E0,
2hop__635544_110949,content,elaborate,0,0,She had completed tertiary studies in Australia.,E0,
2hop__635544_110949,content,elaborate,0,0,The earlier date seems more likely.,E0,
2hop__635544_110949,content,elaborate,0,0,She was the daughter of a Wing Commander in the RAAF.,E0,
2hop__635544_110949,content,elaborate,0,0,Anno Domini is a term.,E0,
2hop__635544_110949,content,elaborate,0,0,This calendar era is based on the traditionally reckoned year of the conception or birth of Jesus of Nazareth.,E0,
2hop__635544_110949,content,elaborate,0,0,AD counting years from the start of this epoch.,E0,
2hop__635544_110949,content,elaborate,0,0,BC denoting years before the start of the era.,E0,
2hop__635544_110949,content,elaborate,0,0,There is no year zero in this scheme.,E0,
2hop__635544_110949,content,elaborate,0,0,The year AD 1 immediately follows the year 1 BC.,E0,
2hop__635544_110949,content,elaborate,0,0,Dionysius Exiguus of Scythia Minor devised the dating system.,E0,
2hop__635544_110949,content,elaborate,0,0,The dating system was devised in 525.,E0,
2hop__635544_110949,content,elaborate,0,0,The dating system was not widely used until after 800.,E0,
2hop__635544_110949,content,elaborate,0,0,Švitrigaila is a person.,E0,
2hop__635544_110949,content,elaborate,0,0,Švitrigaila was born to Algirdas.,E0,
2hop__635544_110949,content,elaborate,0,0,Švitrigaila was born to Uliana of Tver.,E0,
2hop__635544_110949,content,elaborate,0,0,"Švitrigaila was born to Algirdas, Grand Duke of Lithuania.",E0,
2hop__635544_110949,content,elaborate,0,0,His date of birth is unknown.,E0,
2hop__635544_110949,content,elaborate,0,0,He is believed to be the youngest or second youngest son of Algirdas.,E0,
2hop__635544_110949,content,elaborate,0,0,He first appeared in politics in October 1382.,E0,
2hop__635544_110949,content,elaborate,0,0,He witnessed the Treaty of Dubysa.,E0,
2hop__635544_110949,content,elaborate,0,0,The Treaty of Dubysa was between his elder brother Jogaila and the Teutonic Knights.,E0,
2hop__635544_110949,content,elaborate,0,0,Švitrigaila was no younger than 12.,E0,
2hop__635544_110949,content,elaborate,0,0,Švitrigaila's date of birth was sometime before 1370.,E0,
2hop__635544_110949,content,elaborate,0,0,Švitrigaila submitted a complaint to the Council of Florence.,E0,
2hop__635544_110949,content,elaborate,0,0,Švitrigaila claimed that he and Jogaila were Algirdas' favorite sons.,E0,
2hop__635544_110949,content,elaborate,0,0,Algirdas transferred his throne to Jogaila.,E0,
2hop__635544_110949,content,elaborate,0,0,Jogaila swore to make Švitrigaila his heir.,E0,
2hop__635544_110949,content,elaborate,0,0,Algirdas died in 1377.,E0,
2hop__635544_110949,content,elaborate,0,0,Jogaila's representatives did not outright deny the arrangement.,E0,
2hop__635544_110949,content,elaborate,0,0,Jogaila's representatives claimed that the arrangement had been modified by mutual agreement between the brothers.,E0,
2hop__635544_110949,content,elaborate,0,0,There is a Natural-born-citizen clause.,E0,
2hop__635544_110949,content,elaborate,0,0,The U.S. Constitution uses the phrase ``natural born Citizen ''.,E0,
2hop__635544_110949,content,elaborate,0,0,The U.S. Constitution does not define the phrase ``natural born Citizen ''.,E0,
2hop__635544_110949,content,elaborate,0,0,Various opinions have been offered over time regarding the meaning of the phrase ``natural born Citizen ''.,E0,
2hop__635544_110949,content,elaborate,0,0,"The consensus of early 21st - century constitutional scholars is that natural - born citizens include, subject to exceptions, those born in the United States.",E0,
2hop__635544_110949,content,elaborate,0,0,Early 21st - century constitutional scholars exist.,E0,
2hop__635544_110949,content,elaborate,0,0,Early 21st - century constitutional scholars have a consensus.,E0,
2hop__635544_110949,content,elaborate,0,0,Early 21st - century constitutional scholars have relevant case law.,E0,
2hop__635544_110949,content,elaborate,0,0,Case law exists.,E0,
2hop__635544_110949,content,elaborate,0,0,Case law is relevant.,E0,
2hop__635544_110949,content,elaborate,0,0,Exceptions exist.,E0,
2hop__635544_110949,content,elaborate,0,0,Exceptions are subject to those born in the United States.,E0,
2hop__635544_110949,content,elaborate,0,0,Many scholars have concluded that those who meet the legal requirements for U.S. citizenship at the moment of birth are also natural-born citizens.,E0,
2hop__635544_110949,content,elaborate,0,0,"Regardless of place of birth, those who meet the legal requirements for U.S. citizenship at the moment of birth are also natural-born citizens.",E0,
2hop__635544_110949,content,elaborate,0,0,Every president to date was either a citizen at the adoption of the Constitution in 1789 or was born in the United States.,E0,
2hop__635544_110949,content,elaborate,0,0,There have been seven presidents that had at least one parent who was not born on U.S. soil.,E0,
2hop__635544_110949,content,elaborate,0,0,Australia Day is a holiday.,E0,
2hop__635544_110949,content,elaborate,0,0,The meaning and significance of Australia Day has evolved over time.,E0,
2hop__635544_110949,content,elaborate,0,0,The date has been named ``Anniversary Day''.,E0,
2hop__635544_110949,content,elaborate,0,0,The date has been named ``Foundation Day''.,E0,
2hop__635544_110949,content,elaborate,0,0,The date has been named ``ANA Day''.,E0,
2hop__635544_110949,content,elaborate,0,0,26 January 1788 is a date.,E0,
2hop__635544_110949,content,elaborate,0,0,26 January 1788 is the date of the proclamation of British sovereignty over the eastern seaboard of Australia.,E0,
2hop__635544_110949,content,elaborate,0,0,The eastern seaboard of Australia was then known as New Holland.,E0,
2hop__635544_110949,content,elaborate,0,0,New Holland is a name for the eastern seaboard of Australia.,E0,
2hop__635544_110949,content,elaborate,0,0,Celebrations on 26 January date back to 1808.,E0,
2hop__635544_110949,content,elaborate,0,0,The first official celebration of the formation of New South Wales was held in 1818.,E0,
2hop__635544_110949,content,elaborate,0,0,26 January was not known as Australia Day until over a century later.,E0,
2hop__635544_110949,content,elaborate,0,0,The British colonies of Australia formed a federation.,E0,
2hop__635544_110949,content,elaborate,0,0,The birth of modern Australia occurred.,E0,
2hop__635544_110949,content,elaborate,0,0,A national day of unity and celebration was looked for.,E0,
2hop__635544_110949,content,elaborate,0,0,It was not until 1935 that all Australian states and territories adopted use of the term ``Australia Day'' to mark the date.,E0,
2hop__635544_110949,content,elaborate,0,0,It was not until 1994 that the date was consistently marked by a public holiday on that day by all states and territories.,E0,
2hop__635544_110949,content,elaborate,0,0,Giovanni Cifolelli is a person.,E0,
2hop__635544_110949,content,elaborate,0,0,Giovanni Cifolelli was an Italian mandolin virtuoso.,E0,
2hop__635544_110949,content,elaborate,0,0,Giovanni Cifolelli was a dramatic composer.,E0,
2hop__635544_110949,content,elaborate,0,0,Giovanni Cifolelli's date of birth is unknown.,E0,
2hop__635544_110949,content,elaborate,0,0,Giovanni Cifolelli's place of birth is unknown.,E0,
2hop__635544_110949,content,elaborate,0,0,He made his appearance in Paris as a mandolin virtuoso.,E0,
2hop__635544_110949,content,elaborate,0,0,"He was highly esteemed, both as a performer and teacher.",E0,
2hop__635544_110949,content,elaborate,0,0,"He published his ""Method for the mandolin"" while residing in Paris.",E0,
2hop__635544_110949,content,elaborate,0,0,"The ""Method for the mandolin"" met with great success throughout France.",E0,
2hop__635544_110949,content,elaborate,0,0,"The ""Method for the mandolin"" was the most popular of its period.",E0,
2hop__635544_110949,content,elaborate,0,0,Maureen Payne is a person.,E0,
2hop__635544_110949,content,elaborate,0,0,Maureen Payne was a South Africa Test cricketer.,E0,
2hop__635544_110949,content,elaborate,0,0,Maureen Payne died in 1997.,E0,
2hop__635544_110949,content,elaborate,0,0,Maureen Payne was from South Africa.,E0,
2hop__635544_110949,content,elaborate,0,0,She captained the side.,E0,
2hop__635544_110949,content,elaborate,0,0,The side played against New Zealand in 1971–72.,E0,
2hop__635544_110949,content,elaborate,0,0,She captained the side in their second series.,E0,
2hop__635544_110949,content,elaborate,0,0,She appeared in five Tests.,E0,
2hop__635544_110949,content,elaborate,0,0,She claimed eight wickets.,E0,
2hop__635544_110949,content,elaborate,0,0,There is a list of Dragon Ball Super episodes.,E0,
2hop__635544_110949,content,elaborate,0,0,Name is a TV show.,E0,
2hop__635544_110949,content,elaborate,0,0,"The show aired on July 25, 2017.",E0,
2hop__635544_110949,content,elaborate,0,0,The show aired 13 episodes in Part One.,E0,
2hop__635544_110949,content,elaborate,0,0,"The show aired on October 3, 2017.",E0,
2hop__635544_110949,content,elaborate,0,0,The show aired 14 episodes in Part Two.,E0,
2hop__635544_110949,content,elaborate,0,0,"The show aired on February 20, 2018.",E0,
2hop__635544_110949,content,elaborate,0,0,The show aired 13 episodes in Part Three.,E0,
2hop__635544_110949,content,elaborate,0,0,Streams of Expression is a title.,E0,
2hop__635544_110949,content,elaborate,0,0,Streams of Expression is the 20th studio album by Joe Lovano.,E0,
2hop__635544_110949,content,elaborate,0,0,Joe Lovano is an American jazz musician.,E0,
2hop__635544_110949,content,elaborate,0,0,Blue Note is the label releasing the album.,E0,
2hop__635544_110949,content,elaborate,0,0,It was released in 2006.,E0,
2hop__635544_110949,content,elaborate,0,0,"It features a five-part ""Streams of Expression Suite.""",E0,
2hop__635544_110949,content,elaborate,0,0,"It features a three-part ""Birth of the Cool Suite.""",E0,
2hop__635544_110949,content,elaborate,0,0,It features three other shorter works.,E0,
2hop__635544_110949,content,elaborate,0,0,"The ""Birth of the Cool Suite"" was conducted by Gunther Schuller.",E0,
2hop__635544_110949,content,elaborate,0,0,"The ""Birth of the Cool Suite"" uses melodic themes inspired by Miles Davis' work from his 1948 and 1950 nonet.",E0,
2hop__635544_110949,content,elaborate,0,0,The album features George Garzone.,E0,
2hop__635544_110949,content,elaborate,0,0,The album features Ralph Lalama.,E0,
2hop__635544_110949,content,elaborate,0,0,The album features Gary Smulyan.,E0,
2hop__635544_110949,content,elaborate,0,0,The album features Tim Hagans.,E0,
2hop__635544_110949,content,elaborate,0,0,Pir Syed Muhammad Binyamin Rizvi is a person.,E0,
2hop__635544_110949,content,elaborate,0,0,Pir Syed Muhammad Binyamin Rizvi was a Pakistani politician.,E0,
2hop__635544_110949,content,elaborate,0,0,Pir Syed Muhammad Binyamin Rizvi's date of birth was 15 Aug 1959.,E0,
2hop__635544_110949,content,elaborate,0,0,Pir Syed Muhammad Binyamin Rizvi's date of death was 24 June 2004.,E0,
2hop__635544_110949,content,elaborate,0,0,He was the oldest son.,E0,
2hop__635544_110949,content,elaborate,0,0,Pir Syed Mohammad Yaqoob Shah was a famous spiritual and religious scholar.,E0,
2hop__635544_110949,content,elaborate,0,0,Pir Syed Mohammad Yaqoob Shah was a member of the provincial assembly.,E0,
2hop__635544_110949,content,elaborate,0,0,Pir Syed Mohammad Yaqoob Shah died on 31 August 1991.,E0,
2hop__635544_110949,content,elaborate,0,0,He was murdered.,E0,
2hop__635544_110949,content,elaborate,0,0,He was murdered in Lahore.,E0,
2hop__635544_110949,content,elaborate,0,0,He was murdered near his House.,E0,
2hop__635544_110949,content,elaborate,0,0,He is buried.,E0,
2hop__635544_110949,content,elaborate,0,0,He is buried next to his father.,E0,
2hop__635544_110949,content,elaborate,0,0,His father is Pir Syed Mohammad Yaqoob Shah.,E0,
2hop__635544_110949,content,elaborate,0,0,He is buried in his home town Phalia.,E0,
2hop__635544_110949,content,elaborate,0,0,La naissance d'Osiris is a title.,E0,
2hop__635544_110949,content,elaborate,0,0,"La naissance d'Osiris, ou La fête Pamylie is an opera.",E0,
2hop__635544_110949,content,elaborate,0,0,"La naissance d'Osiris, ou La fête Pamylie is a one-act opera.",E0,
2hop__635544_110949,content,elaborate,0,0,"La naissance d'Osiris, ou La fête Pamylie was first performed on 12 October 1754.",E0,
2hop__635544_110949,content,elaborate,0,0,"La naissance d'Osiris, ou La fête Pamylie was performed at Fontainebleau.",E0,
2hop__635544_110949,content,elaborate,0,0,"La naissance d'Osiris, ou La fête Pamylie was performed to celebrate the birth of the future King Louis XVI.",E0,
2hop__635544_110949,content,elaborate,0,0,The libretto is by Louis de Cahusac.,E0,
2hop__635544_110949,content,elaborate,0,0,Louis de Cahusac is a frequent collaborator of Rameau.,E0,
2hop__635544_110949,content,elaborate,0,0,"Cahusac styled the work a ""ballet allégorique"".",E0,
2hop__635544_110949,content,elaborate,0,0,"It is usually categorised as an ""acte de ballet"".",E0,
2hop__635544_110949,content,elaborate,0,0,Jupiter announces the birth of the god Osiris.,E0,
2hop__635544_110949,content,elaborate,0,0,The god Osiris symbolises the baby prince.,E0,
2hop__635544_110949,content,elaborate,0,0,The piece may have started life as part of a larger work.,E0,
2hop__635544_110949,content,elaborate,0,0,"""Les beaux jours de l'Amour"" is an ""opéra-ballet"" Rameau and Cahusac planned.",E0,
2hop__635544_110949,content,elaborate,0,0,"Rameau and Cahusac planned ""Les beaux jours de l'Amour"" but never completed it.",E0,
2hop__635544_110949,content,elaborate,0,0,"The reasons for not completing ""Les beaux jours de l'Amour"" are still uncertain.",E0,
2hop__635544_110949,content,elaborate,0,0,Sue Ryder is a person.,E0,
2hop__635544_110949,content,elaborate,0,0,Her birth certificate has the date 3 July 1924.,E0,
2hop__635544_110949,content,elaborate,0,0,Her death certificate has the date 3 July 1924.,E0,
2hop__635544_110949,content,elaborate,0,0,A plaque unveiled in honour of Sue Ryder and Leonard Cheshire in Cavendish Church in Suffolk has the date 3 July 1924.,E0,
2hop__635544_110949,content,elaborate,0,0,Ryder volunteered to the First Aid Nursing Yeomanry.,E0,
2hop__635544_110949,content,elaborate,0,0,Ryder was only 15 years old.,E0,
2hop__635544_110949,content,elaborate,0,0,She lied about her age.,E0,
2hop__635544_110949,content,elaborate,0,0,She seems to have maintained the deception for the rest of her life.,E0,
2hop__635544_110949,content,elaborate,0,0,Pak Nam-gi is a person.,E0,
2hop__635544_110949,content,elaborate,0,0,Pak Nam-gi was born on 21 February 1934.,E0,
2hop__635544_110949,content,elaborate,0,0,Pak Nam-gi died on 17 March 2010.,E0,
2hop__635544_110949,content,elaborate,0,0,Pak Nam-gi was Director of the Planning and Finance Department.,E0,
2hop__635544_110949,content,elaborate,0,0,Pak Nam-gi was Director of the Planning and Finance Department of the ruling party of North Korea.,E0,
2hop__635544_110949,content,elaborate,0,0,Pak Nam-gi was Director of the Planning and Finance Department of the ruling party of North Korea until January 2010.,E0,
2hop__635544_110949,content,elaborate,0,0,There are doubts about his date of birth.,E0,
2hop__635544_110949,content,elaborate,0,0,At least two unattributed sources report it as 21 February 1934.,E0,
2hop__635544_110949,content,elaborate,0,0,At least two unattributed sources report it as sometime in 1928.,E0,
2hop__635544_110949,content,elaborate,0,0,William Shakespeare is a person.,E0,
2hop__635544_110949,content,elaborate,0,0,William Shakespeare was the son of John Shakespeare.,E0,
2hop__635544_110949,content,elaborate,0,0,John Shakespeare was an alderman.,E0,
2hop__635544_110949,content,elaborate,0,0,John Shakespeare was a glove-maker.,E0,
2hop__635544_110949,content,elaborate,0,0,Mary Arden was the daughter of an affluent landowning farmer.,E0,
2hop__635544_110949,content,elaborate,0,0,He was born in Stratford-upon-Avon.,E0,
2hop__635544_110949,content,elaborate,0,0,He was baptised in Stratford-upon-Avon.,E0,
2hop__635544_110949,content,elaborate,0,0,His actual date of birth remains unknown.,E0,
2hop__635544_110949,content,elaborate,0,0,Saint George's Day is traditionally observed on 23 April.,E0,
2hop__635544_110949,content,elaborate,0,0,23 April is Saint George's Day.,E0,
2hop__635544_110949,content,elaborate,0,0,This date can be traced to a mistake made by an 18th-century scholar.,E0,
2hop__635544_110949,content,elaborate,0,0,This date has proved appealing to biographers.,E0,
2hop__635544_110949,content,elaborate,0,0,Shakespeare died on this date in 1616.,E0,
2hop__635544_110949,content,elaborate,0,0,He was the third of eight children.,E0,
2hop__635544_110949,content,elaborate,0,0,He was the eldest surviving son.,E0,
2hop__635544_110949,content,elaborate,0,0,There is a list of Soul Eater episodes.,E0,
2hop__635544_110949,content,elaborate,0,0,Partial box sets (DVD only) exist.,E0,
2hop__635544_110949,content,elaborate,0,0,"Name is released on February 9, 2010.",E0,
2hop__635544_110949,content,elaborate,0,0,Name has 1 disc.,E0,
2hop__635544_110949,content,elaborate,0,0,Name has 13 episodes.,E0,
2hop__635544_110949,content,elaborate,0,0,"Name is released on March 30, 2010.",E0,
2hop__635544_110949,content,elaborate,0,0,Name has 14 episodes.,E0,
2hop__635544_110949,content,elaborate,0,0,"Name is released on June 1, 2010.",E0,
2hop__635544_110949,content,elaborate,0,0,Name has 27 episodes.,E0,
2hop__635544_110949,content,elaborate,0,0,"Name is released on July 27, 2010.",E0,
2hop__635544_110949,content,elaborate,0,0,Name has 40 episodes.,E0,
2hop__635544_110949,content,elaborate,0,0,"Name is released on July 27, 2010.",E0,
2hop__635544_110949,content,elaborate,0,0,Name has 51 episodes.,E0,
2hop__635544_110949,content,elaborate,0,0,Conscription is in Australia.,E0,
2hop__635544_110949,content,elaborate,0,0,"In 1964, the National Service Act was introduced.",E0,
2hop__635544_110949,content,elaborate,0,0,The National Service Act was introduced for 20-year-old males.,E0,
2hop__635544_110949,content,elaborate,0,0,The National Service Act was introduced for compulsory National Service.,E0,
2hop__635544_110949,content,elaborate,0,0,The selection of conscripts was made by a sortition or lottery draw.,E0,
2hop__635544_110949,content,elaborate,0,0,Conscription was based on date of birth.,E0,
2hop__635544_110949,content,elaborate,0,0,Conscripts were obligated to give two years' continuous full-time service.,E0,
2hop__635544_110949,content,elaborate,0,0,Conscripts were obligated to give a further three years on the active reserve list.,E0,
2hop__635544_110949,content,elaborate,0,0,The full - time service requirement was reduced.,E0,
2hop__635544_110949,content,elaborate,0,0,The reduction occurred in October 1971.,E0,
2hop__635544_110949,content,elaborate,0,0,Clara Morris is a person.,E0,
2hop__635544_110949,content,elaborate,0,0,"Clara Morris was born in March 17, 1849.",E0,
2hop__635544_110949,content,elaborate,0,0,Clara Morris was born in 1846/48.,E0,
2hop__635544_110949,content,elaborate,0,0,Clara Morris was an American actress.,E0,
2hop__635544_110949,content,elaborate,0,0,Ratata is a band.,E0,
2hop__635544_110949,content,elaborate,0,0,Ratata was a Swedish pop group.,E0,
2hop__635544_110949,content,elaborate,0,0,Ratata was fronted by Swedish vocalist Mauro Scocco.,E0,
2hop__635544_110949,content,elaborate,0,0,Ratata was formed in 1980.,E0,
2hop__635544_110949,content,elaborate,0,0,It functioned as a 4-piece band.,E0,
2hop__635544_110949,content,elaborate,0,0,It was disbanded in 1983.,E0,
2hop__635544_110949,content,elaborate,0,0,Johan Ekelund played with the band briefly.,E0,
2hop__635544_110949,content,elaborate,0,0,Johan Ekelund continued to cooperate with Scocco.,E0,
2hop__635544_110949,content,elaborate,0,0,Scocco continued as a duo.,E0,
2hop__635544_110949,content,elaborate,0,0,Scocco and Johan Ekelund continued as a duo until 1989.,E0,
2hop__635544_110949,content,elaborate,0,0,The duo had a comeback.,E0,
2hop__635544_110949,content,elaborate,0,0,The comeback was brief.,E0,
2hop__635544_110949,content,elaborate,0,0,Yang Meng is a person.,E0,
2hop__635544_110949,content,elaborate,0,0,Yang Meng was the third son of Yang Xingmi.,E0,
2hop__635544_110949,content,elaborate,0,0,Yang Xingmi was a major warlord at the end of Tang Dynasty.,E0,
2hop__635544_110949,content,elaborate,0,0,"Yang Xingmi was the military governor (""Jiedushi"") of Huainan Circuit.",E0,
2hop__635544_110949,content,elaborate,0,0,Yang Meng was the third son of Yang Xingmi.,E0,
2hop__635544_110949,content,elaborate,0,0,"Yang Meng was the third son of Yang Xingmi in modern Yangzhou, Jiangsu.",E0,
2hop__635544_110949,content,elaborate,0,0,Yang Longyan was born in 897.,E0,
2hop__635544_110949,content,elaborate,0,0,Yang Pu was born in 900.,E0,
2hop__635544_110949,content,elaborate,0,0,Yang Longyan is an older brother of Yang Pu.,E0,
2hop__635544_110949,content,elaborate,0,0,Yang Pu is a younger brother of Yang Longyan.,E0,
2hop__635544_110949,content,elaborate,0,0,Yang Pu was born after Yang Longyan.,E0,
2hop__635544_110949,content,elaborate,0,0,Yang Longyan was born before Yang Pu.,E0,
2hop__635544_110949,content,elaborate,0,0,Yang Longyan is an older brother of Yang Pu.,E0,
2hop__635544_110949,content,elaborate,0,0,Yang Pu is a younger brother of Yang Longyan.,E0,
2hop__635544_110949,content,elaborate,0,0,Yang Longyan is an older brother of Yang Pu.,E0,
2hop__635544_110949,content,elaborate,0,0,Yang Pu is a younger brother of Yang Longyan.,E0,
2hop__635544_110949,content,elaborate,0,0,His mother was not recorded in history.,E0,
2hop__635544_110949,content,elaborate,0,0,Mauro Scocco is a person.,E0,
2hop__635544_110949,content,elaborate,0,0,Mauro Scocco was born on 11 September 1962.,E0,
2hop__635544_110949,content,elaborate,0,0,Mauro Scocco is a Swedish pop artist.,E0,
2hop__635544_110949,content,elaborate,0,0,Mauro Scocco has Italian descent.,E0,
2hop__635544_110949,content,elaborate,0,0,"He has been described as ""one of the sharpest songwriters in Sweden"".",E0,
2hop__635544_110949,content,elaborate,0,0,Scocco was the singer for the pop group Ratata.,E0,
2hop__635544_110949,content,elaborate,0,0,Scocco transformed into a duo with Johan Ekelund.,E0,
2hop__635544_110949,content,elaborate,0,0,Scocco transformed into a duo with Johan Ekelund in 1983.,E0,
2hop__635544_110949,content,elaborate,0,0,Scocco transformed into a duo with Johan Ekelund in 1983–89.,E0,
2hop__635544_110949,content,elaborate,0,0,Scocco has continued as a solo artist.,E0,
2hop__635544_110949,content,elaborate,0,0,Scocco has continued as a solo artist since Ratata.,E0,
2hop__635544_110949,content,elaborate,0,0,He cooperated with Plura Jonsson.,E0,
2hop__635544_110949,content,elaborate,0,0,"They released a joint album as ""Mauro & Plura"".",E0,
2hop__635544_110949,content,elaborate,0,1,Shirley is a person.,SUPPORTED,True
2hop__635544_110949,content,elaborate,0,1,Shirley Abicair was born in Melbourne.,SUPPORTED,True
2hop__635544_110949,content,elaborate,0,1,"Melbourne is in Victoria, Australia.",SUPPORTED,True
2hop__635544_110949,content,elaborate,0,1,Melbourne is known for its cultural and artistic heritage.,SUPPORTED,True
2hop__635544_110949,content,elaborate,0,1,Some sources show her year of birth as 1935.,SUPPORTED,True
2hop__635544_110949,content,elaborate,0,1,A contemporary account suggests she was 23 or 24 on arrival in Britain.,SUPPORTED,True
2hop__635544_110949,content,elaborate,0,1,She had completed tertiary studies in Australia.,SUPPORTED,True
2hop__635544_110949,content,elaborate,0,1,The earlier date seems more likely.,SUPPORTED,True
2hop__635544_110949,content,elaborate,0,1,She was born in 1931 or 1932.,NOT_SUPPORTED,False
2hop__635544_110949,content,elaborate,0,1,She was the only daughter of a Wing Commander in the RAAF.,SUPPORTED,True
2hop__635544_110949,content,elaborate,0,1,The Wing Commander was a significant figure in the Australian military.,SUPPORTED,True
2hop__635544_110949,content,elaborate,0,1,Her upbringing would have been influenced by her father's distinguished career.,SUPPORTED,True
2hop__635544_110949,content,elaborate,0,1,Anno Domini is a term.,SUPPORTED,True
2hop__635544_110949,content,elaborate,0,1,This calendar era is based on the traditionally reckoned year of the conception or birth of Jesus of Nazareth.,SUPPORTED,True
2hop__635544_110949,content,elaborate,0,1,AD counting years from the start of this epoch.,SUPPORTED,True
2hop__635544_110949,content,elaborate,0,1,BC denoting years before the start of the era.,SUPPORTED,True
2hop__635544_110949,content,elaborate,0,1,There is no year zero in this scheme.,SUPPORTED,True
2hop__635544_110949,content,elaborate,0,1,The year AD 1 immediately follows the year 1 BC.,SUPPORTED,True
2hop__635544_110949,content,elaborate,0,1,There is a seamless transition between the two periods.,NOT_SUPPORTED,False
2hop__635544_110949,content,elaborate,0,1,Dionysius Exiguus of Scythia Minor devised the dating system.,SUPPORTED,True
2hop__635544_110949,content,elaborate,0,1,The dating system was devised in 525.,SUPPORTED,True
2hop__635544_110949,content,elaborate,0,1,The dating system was not widely used until after 800.,SUPPORTED,True
2hop__635544_110949,content,elaborate,0,1,The dating system replaced other calendars in use across Europe after 800.,NOT_SUPPORTED,False
2hop__635544_110949,content,elaborate,0,1,Švitrigaila is a person.,SUPPORTED,True
2hop__635544_110949,content,elaborate,0,1,"Švitrigaila was born to Algirdas, Grand Duke of Lithuania.",SUPPORTED,True
2hop__635544_110949,content,elaborate,0,1,Švitrigaila was born to Uliana of Tver.,NOT_SUPPORTED,False
2hop__635544_110949,content,elaborate,0,1,Uliana of Tver was a member of the royal family of Tver.,NOT_SUPPORTED,False
2hop__635544_110949,content,elaborate,0,1,His date of birth is unknown.,SUPPORTED,True
2hop__635544_110949,content,elaborate,0,1,He is believed to be the youngest or second youngest son of Algirdas.,SUPPORTED,True
2hop__635544_110949,content,elaborate,0,1,Being the youngest or second youngest son of Algirdas would have placed him in a significant position within the family hierarchy.,SUPPORTED,True
2hop__635544_110949,content,elaborate,0,1,He first appeared in politics in October 1382.,SUPPORTED,True
2hop__635544_110949,content,elaborate,0,1,He witnessed the Treaty of Dubysa.,SUPPORTED,True
2hop__635544_110949,content,elaborate,0,1,The Treaty of Dubysa was between his elder brother Jogaila and the Teutonic Knights.,SUPPORTED,True
2hop__635544_110949,content,elaborate,0,1,The Teutonic Knights were a major military order of the time.,SUPPORTED,True
2hop__635544_110949,content,elaborate,0,1,Švitrigaila was present at the event.,NOT_SUPPORTED,False
2hop__635544_110949,content,elaborate,0,1,Švitrigaila was no younger than 12 at the time.,SUPPORTED,True
2hop__635544_110949,content,elaborate,0,1,Švitrigaila's date of birth was sometime before 1370.,SUPPORTED,True
2hop__635544_110949,content,elaborate,0,1,Švitrigaila submitted a complaint to the Council of Florence.,SUPPORTED,True
2hop__635544_110949,content,elaborate,0,1,Švitrigaila claimed that he and Jogaila were Algirdas' favorite sons.,SUPPORTED,True
2hop__635544_110949,content,elaborate,0,1,Algirdas transferred his throne to Jogaila.,SUPPORTED,True
2hop__635544_110949,content,elaborate,0,1,Jogaila swore to make Švitrigaila his heir.,SUPPORTED,True
2hop__635544_110949,content,elaborate,0,1,Algirdas died in 1377.,SUPPORTED,True
2hop__635544_110949,content,elaborate,0,1,Jogaila's representatives did not outright deny the arrangement.,SUPPORTED,True
2hop__635544_110949,content,elaborate,0,1,Jogaila's representatives claimed that the arrangement had been modified by mutual agreement between the brothers.,SUPPORTED,True
2hop__635544_110949,content,elaborate,0,1,The arrangement had been modified by mutual agreement between the brothers.,SUPPORTED,True
2hop__635544_110949,content,elaborate,0,1,"The arrangement had been modified by mutual agreement between the brothers, indicating a complex web of alliances and power struggles within the family.",SUPPORTED,True
2hop__635544_110949,content,elaborate,0,1,There is a Natural-born-citizen clause.,SUPPORTED,True
2hop__635544_110949,content,elaborate,0,1,"The U.S. Constitution uses the phrase ""natural born Citizen"".",SUPPORTED,True
2hop__635544_110949,content,elaborate,0,1,"The U.S. Constitution does not define the phrase ""natural born Citizen"".",SUPPORTED,True
2hop__635544_110949,content,elaborate,0,1,"Various opinions have been offered over time regarding the meaning of ""natural born Citizen"".",SUPPORTED,True
2hop__635544_110949,content,elaborate,0,1,"The consensus of early 21st-century constitutional scholars is that natural-born citizens include, subject to exceptions, those born in the United States.",SUPPORTED,True
2hop__635544_110949,content,elaborate,0,1,"Relevant case law is that natural-born citizens include, subject to exceptions, those born in the United States.",SUPPORTED,True
2hop__635544_110949,content,elaborate,0,1,"Many scholars have concluded that those who meet the legal requirements for U.S. citizenship ""at the moment of birth"" are also natural-born citizens.",SUPPORTED,True
2hop__635544_110949,content,elaborate,0,1,"Regardless of place of birth, those who meet the legal requirements for U.S. citizenship ""at the moment of birth"" are also natural-born citizens.",SUPPORTED,True
2hop__635544_110949,content,elaborate,0,1,Every president to date was either a citizen at the adoption of the Constitution in 1789 or was born in the United States.,SUPPORTED,True
2hop__635544_110949,content,elaborate,0,1,There have been seven presidents that had at least one parent who was not born on U.S. soil.,SUPPORTED,True
2hop__635544_110949,content,elaborate,0,1,The complexities of citizenship and its implications for political leadership are highlighted.,NOT_SUPPORTED,False
2hop__635544_110949,content,elaborate,0,1,Australia Day is a holiday.,SUPPORTED,True
2hop__635544_110949,content,elaborate,0,1,The meaning and significance of Australia Day has evolved over time.,SUPPORTED,True
2hop__635544_110949,content,elaborate,0,1,The country's growth has influenced the meaning and significance of Australia Day.,NOT_SUPPORTED,False
2hop__635544_110949,content,elaborate,0,1,The country's changing identity has influenced the meaning and significance of Australia Day.,SUPPORTED,True
2hop__635544_110949,content,elaborate,0,1,"Unofficially, the date has also been named ""Anniversary Day"".",SUPPORTED,True
2hop__635544_110949,content,elaborate,0,1,"Unofficially, the date has also been named ""Foundation Day"".",SUPPORTED,True
2hop__635544_110949,content,elaborate,0,1,"Unofficially, the date has also been named ""ANA Day"".",SUPPORTED,True
2hop__635544_110949,content,elaborate,0,1,26 January 1788 is a date.,SUPPORTED,True
2hop__635544_110949,content,elaborate,0,1,26 January 1788 is the date of the proclamation of British sovereignty over the eastern seaboard of Australia.,SUPPORTED,True
2hop__635544_110949,content,elaborate,0,1,The eastern seaboard of Australia was then known as New Holland.,SUPPORTED,True
2hop__635544_110949,content,elaborate,0,1,The proclamation of British sovereignty over the eastern seaboard of Australia is a pivotal moment in Australian history.,SUPPORTED,True
2hop__635544_110949,content,elaborate,0,1,Celebrations on 26 January date back to 1808.,SUPPORTED,True
2hop__635544_110949,content,elaborate,0,1,The first official celebration of the formation of New South Wales was held in 1818.,SUPPORTED,True
2hop__635544_110949,content,elaborate,0,1,26 January was not known as Australia Day until over a century later.,SUPPORTED,True
2hop__635544_110949,content,elaborate,0,1,The British colonies of Australia formed a federation.,SUPPORTED,True
2hop__635544_110949,content,elaborate,0,1,The birth of modern Australia occurred.,SUPPORTED,True
2hop__635544_110949,content,elaborate,0,1,A national day of unity and celebration was looked for.,SUPPORTED,True
2hop__635544_110949,content,elaborate,0,1,"All Australian states and territories adopted use of the term ""Australia Day"" to mark the date.",NOT_SUPPORTED,False
2hop__635544_110949,content,elaborate,0,1,Not until 1994 was the date consistently marked by a public holiday on that day by all states and territories.,SUPPORTED,True
2hop__635544_110949,content,elaborate,0,1,Giovanni Cifolelli is a person.,SUPPORTED,True
2hop__635544_110949,content,elaborate,0,1,Giovanni Cifolelli was an Italian mandolin virtuoso.,SUPPORTED,True
2hop__635544_110949,content,elaborate,0,1,Giovanni Cifolelli was a dramatic composer.,SUPPORTED,True
2hop__635544_110949,content,elaborate,0,1,Giovanni Cifolelli's date of birth is unknown.,SUPPORTED,True
2hop__635544_110949,content,elaborate,0,1,Giovanni Cifolelli's place of birth is unknown.,SUPPORTED,True
2hop__635544_110949,content,elaborate,0,1,Giovanni Cifolelli's early life is not well understood.,SUPPORTED,True
2hop__635544_110949,content,elaborate,0,1,Giovanni Cifolelli's influences are not well understood.,NOT_SUPPORTED,False
2hop__635544_110949,content,elaborate,0,1,In 1764 he made his appearance in Paris as a mandolin virtuoso.,SUPPORTED,True
2hop__635544_110949,content,elaborate,0,1,"He was highly esteemed, both as a performer and teacher.",SUPPORTED,True
2hop__635544_110949,content,elaborate,0,1,He indicated a high level of skill and expertise.,NOT_SUPPORTED,False
2hop__635544_110949,content,elaborate,0,1,"He published his ""Method for the mandolin"" while residing in Paris.",SUPPORTED,True
2hop__635544_110949,content,elaborate,0,1,"The ""Method for the mandolin"" met with great success throughout France.",SUPPORTED,True
2hop__635544_110949,content,elaborate,0,1,"The ""Method for the mandolin"" was the most popular of its period.",SUPPORTED,True
2hop__635544_110949,content,elaborate,0,1,"The ""Method for the mandolin"" demonstrated his contribution to the world of music.",SUPPORTED,True
2hop__635544_110949,content,elaborate,0,1,Maureen Payne is a person.,SUPPORTED,True
2hop__635544_110949,content,elaborate,0,1,Maureen Payne was a South African Test cricketer.,SUPPORTED,True
2hop__635544_110949,content,elaborate,0,1,Maureen Payne was one of the pioneering women in the sport.,SUPPORTED,True
2hop__635544_110949,content,elaborate,0,1,Maureen Payne died in 1997.,SUPPORTED,True
2hop__635544_110949,content,elaborate,0,1,Maureen Payne was born in South Africa.,SUPPORTED,True
2hop__635544_110949,content,elaborate,0,1,She captained the side.,SUPPORTED,True
2hop__635544_110949,content,elaborate,0,1,The side played against New Zealand in 1971–72.,SUPPORTED,True
2hop__635544_110949,content,elaborate,0,1,She showcased her leadership skills.,NOT_SUPPORTED,False
2hop__635544_110949,content,elaborate,0,1,She showcased her dedication to the game.,NOT_SUPPORTED,False
2hop__635544_110949,content,elaborate,0,1,She appeared in five Tests for South Africa.,SUPPORTED,True
2hop__635544_110949,content,elaborate,0,1,She claimed eight wickets in Tests for South Africa.,SUPPORTED,True
2hop__635544_110949,content,elaborate,0,1,She achieved a notable achievement in the competitive world of international cricket.,NOT_SUPPORTED,False
2hop__635544_110949,content,elaborate,0,1,There is a list of Dragon Ball Super episodes.,SUPPORTED,True
2hop__635544_110949,content,elaborate,0,1,The anime series has a Name.,NOT_SUPPORTED,False
2hop__635544_110949,content,elaborate,0,1,"The anime series has a Date of July 25, 2017.",SUPPORTED,True
2hop__635544_110949,content,elaborate,0,1,The anime series has Discs.,SUPPORTED,True
2hop__635544_110949,content,elaborate,0,1,The anime series has Episodes.,SUPPORTED,True
2hop__635544_110949,content,elaborate,0,1,The anime series has a Part One.,SUPPORTED,True
2hop__635544_110949,content,elaborate,0,1,The anime series has a Part Two.,SUPPORTED,True
2hop__635544_110949,content,elaborate,0,1,The anime series has a Part Three.,SUPPORTED,True
2hop__635544_110949,content,elaborate,0,1,The anime series has a Discs count of 01 -- 13.,SUPPORTED,True
2hop__635544_110949,content,elaborate,0,1,The anime series has an Episodes count of 14 -- 26.,SUPPORTED,True
2hop__635544_110949,content,elaborate,0,1,The anime series has a Discs count of 27 -- 39.,NOT_SUPPORTED,False
2hop__635544_110949,content,elaborate,0,1,Streams of Expression is a title.,SUPPORTED,True
2hop__635544_110949,content,elaborate,0,1,Joe Lovano is an American jazz musician.,SUPPORTED,True
2hop__635544_110949,content,elaborate,0,1,Joe Lovano has released 20th studio albums.,SUPPORTED,True
2hop__635544_110949,content,elaborate,0,1,Joe Lovano's 20th studio album is called Streams of Expression.,SUPPORTED,True
2hop__635544_110949,content,elaborate,0,1,Streams of Expression is released on the Blue Note label.,SUPPORTED,True
2hop__635544_110949,content,elaborate,0,1,Blue Note is a renowned jazz record label.,SUPPORTED,True
2hop__635544_110949,content,elaborate,0,1,It was released in 2006.,SUPPORTED,True
2hop__635544_110949,content,elaborate,0,1,"It features a five-part ""Streams of Expression Suite.""",SUPPORTED,True
2hop__635544_110949,content,elaborate,0,1,"It features a three-part ""Birth of the Cool Suite.""",SUPPORTED,True
2hop__635544_110949,content,elaborate,0,1,It features three other shorter works.,SUPPORTED,True
2hop__635544_110949,content,elaborate,0,1,The album showcases Lovano's versatility and creativity as a composer.,SUPPORTED,True
2hop__635544_110949,content,elaborate,0,1,"The ""Birth of the Cool Suite"" was conducted by Gunther Schuller.",SUPPORTED,True
2hop__635544_110949,content,elaborate,0,1,"The ""Birth of the Cool Suite"" utilizes melodic themes inspired by Miles Davis' work from his 1948 and 1950 nonet.",SUPPORTED,True
2hop__635544_110949,content,elaborate,0,1,"The ""Birth of the Cool Suite"" pays tribute to the jazz legend Miles Davis.",SUPPORTED,True
2hop__635544_110949,content,elaborate,0,1,The album features George Garzone.,SUPPORTED,True
2hop__635544_110949,content,elaborate,0,1,The album features Ralph Lalama.,SUPPORTED,True
2hop__635544_110949,content,elaborate,0,1,The album features Gary Smulyan.,SUPPORTED,True
2hop__635544_110949,content,elaborate,0,1,The album features Tim Hagans.,SUPPORTED,True
2hop__635544_110949,content,elaborate,0,1,George Garzone is a jazz musician.,NOT_SUPPORTED,False
2hop__635544_110949,content,elaborate,0,1,Ralph Lalama is a jazz musician.,SUPPORTED,True
2hop__635544_110949,content,elaborate,0,1,Gary Smulyan is a jazz musician.,SUPPORTED,True
2hop__635544_110949,content,elaborate,0,1,Tim Hagans is a jazz musician.,SUPPORTED,True
2hop__635544_110949,content,elaborate,0,1,Pir Syed Muhammad Binyamin Rizvi is a person.,SUPPORTED,True
2hop__635544_110949,content,elaborate,0,1,Pir Syed Muhammad Binyamin Rizvi was a Pakistani politician.,SUPPORTED,True
2hop__635544_110949,content,elaborate,0,1,Pir Syed Muhammad Binyamin Rizvi was a member of the influential Rizvi family.,NOT_SUPPORTED,False
2hop__635544_110949,content,elaborate,0,1,Pir Syed Muhammad Binyamin Rizvi was born on 15 Aug 1959.,NOT_SUPPORTED,False
2hop__635544_110949,content,elaborate,0,1,Pir Syed Muhammad Binyamin Rizvi died on 24 June 2004.,SUPPORTED,True
2hop__635544_110949,content,elaborate,0,1,He was the oldest son.,NOT_SUPPORTED,False
2hop__635544_110949,content,elaborate,0,1,Pir Syed Mohammad Yaqoob Shah was a famous spiritual and religious scholar.,SUPPORTED,True
2hop__635544_110949,content,elaborate,0,1,Pir Syed Mohammad Yaqoob Shah was a member of the provincial assembly.,SUPPORTED,True
2hop__635544_110949,content,elaborate,0,1,Pir Syed Mohammad Yaqoob Shah died on 31 August 1991.,NOT_SUPPORTED,False
2hop__635544_110949,content,elaborate,0,1,Pir Syed Mohammad Yaqoob Shah was a significant figure in Pakistani politics and spirituality.,SUPPORTED,True
2hop__635544_110949,content,elaborate,0,1,He was the oldest son of Pir Syed Mohammad Yaqoob Shah.,SUPPORTED,True
2hop__635544_110949,content,elaborate,0,1,He was murdered.,NOT_SUPPORTED,False
2hop__635544_110949,content,elaborate,0,1,He was murdered in Lahore.,SUPPORTED,True
2hop__635544_110949,content,elaborate,0,1,He was murdered near his House.,SUPPORTED,True
2hop__635544_110949,content,elaborate,0,1,The murder shocked the nation.,NOT_SUPPORTED,False
2hop__635544_110949,content,elaborate,0,1,He is buried.,SUPPORTED,True
2hop__635544_110949,content,elaborate,0,1,He is buried next to his father.,SUPPORTED,True
2hop__635544_110949,content,elaborate,0,1,He is buried next to Pir Syed Mohammad Yaqoob Shah.,SUPPORTED,True
2hop__635544_110949,content,elaborate,0,1,He is buried in his home town Phalia.,SUPPORTED,True
2hop__635544_110949,content,elaborate,0,1,"He is buried in Phalia, a testament to his enduring legacy.",SUPPORTED,True
2hop__635544_110949,content,elaborate,0,1,La naissance d'Osiris is a title.,SUPPORTED,True
2hop__635544_110949,content,elaborate,0,1,"La naissance d'Osiris, ou La fête Pamylie is an opera.",SUPPORTED,True
2hop__635544_110949,content,elaborate,0,1,"La naissance d'Osiris, ou La fête Pamylie is a one-act opera.",SUPPORTED,True
2hop__635544_110949,content,elaborate,0,1,"La naissance d'Osiris, ou La fête Pamylie was first performed on 12 October 1754.",SUPPORTED,True
2hop__635544_110949,content,elaborate,0,1,"La naissance d'Osiris, ou La fête Pamylie was performed at Fontainebleau.",SUPPORTED,True
2hop__635544_110949,content,elaborate,0,1,"La naissance d'Osiris, ou La fête Pamylie was performed to celebrate the birth of the future King Louis XVI.",SUPPORTED,True
2hop__635544_110949,content,elaborate,0,1,The birth of the future King Louis XVI is a significant event in French history.,SUPPORTED,True
2hop__635544_110949,content,elaborate,0,1,The libretto is by Louis de Cahusac.,SUPPORTED,True
2hop__635544_110949,content,elaborate,0,1,Louis de Cahusac is a frequent collaborator of Rameau.,SUPPORTED,True
2hop__635544_110949,content,elaborate,0,1,"Cahusac styled the work a ""ballet allégorique"".",SUPPORTED,True
2hop__635544_110949,content,elaborate,0,1,"It is usually categorized as an ""acte de ballet"".",SUPPORTED,True
2hop__635544_110949,content,elaborate,0,1,Jupiter announces the birth of the god Osiris.,SUPPORTED,True
2hop__635544_110949,content,elaborate,0,1,The god Osiris symbolizes the baby prince.,SUPPORTED,True
2hop__635544_110949,content,elaborate,0,1,The piece may have started life as part of a larger work.,SUPPORTED,True
2hop__635544_110949,content,elaborate,0,1,"""Les beaux jours de l'Amour"" is an ""opéra-ballet"" Rameau and Cahusac planned.",SUPPORTED,True
2hop__635544_110949,content,elaborate,0,1,"""Les beaux jours de l'Amour"" is a larger work.",NOT_SUPPORTED,False
2hop__635544_110949,content,elaborate,0,1,"Rameau and Cahusac planned ""Les beaux jours de l'Amour"".",NOT_SUPPORTED,False
2hop__635544_110949,content,elaborate,0,1,"Rameau and Cahusac never completed ""Les beaux jours de l'Amour"".",SUPPORTED,True
2hop__635544_110949,content,elaborate,0,1,"Rameau and Cahusac planned ""Les beaux jours de l'Amour"" for reasons which are still uncertain.",SUPPORTED,True
2hop__635544_110949,content,elaborate,0,1,"""Les beaux jours de l'Amour"" left behind a fascinating glimpse into the creative process.",NOT_SUPPORTED,False
2hop__635544_110949,content,elaborate,0,1,Sue Ryder is a person.,SUPPORTED,True
2hop__635544_110949,content,elaborate,0,1,Her birth certificate has the date 3 July 1924.,SUPPORTED,True
2hop__635544_110949,content,elaborate,0,1,Her death certificate has the date 3 July 1924.,SUPPORTED,True
2hop__635544_110949,content,elaborate,0,1,A plaque in Cavendish Church in Suffolk has the date 3 July 1924.,SUPPORTED,True
2hop__635544_110949,content,elaborate,0,1,Sue Ryder and Leonard Cheshire have a plaque unveiled in Cavendish Church in Suffolk.,SUPPORTED,True
2hop__635544_110949,content,elaborate,0,1,Sue Ryder and Leonard Cheshire have a plaque unveiled in Cavendish Church in Suffolk in honour of Sue Ryder and Leonard Cheshire.,SUPPORTED,True
2hop__635544_110949,content,elaborate,0,1,Sue Ryder and Leonard Cheshire have a plaque unveiled in Cavendish Church in Suffolk that is a testament to her enduring legacy.,SUPPORTED,True
2hop__635544_110949,content,elaborate,0,1,Ryder volunteered to the First Aid Nursing Yeomanry.,SUPPORTED,True
2hop__635544_110949,content,elaborate,0,1,Ryder was only 15 years old.,SUPPORTED,True
2hop__635544_110949,content,elaborate,0,1,Ryder demonstrated her courage and determination.,SUPPORTED,True
2hop__635544_110949,content,elaborate,0,1,She lied about her age.,NOT_SUPPORTED,False
2hop__635544_110949,content,elaborate,0,1,She seems to have maintained the deception for the rest of her life.,SUPPORTED,True
2hop__635544_110949,content,elaborate,0,1,She lied about her age and seems to have maintained the deception for the rest of her life.,SUPPORTED,True
2hop__635544_110949,content,elaborate,0,1,"She lied about her age and seems to have maintained the deception for the rest of her life, a remarkable example of her strength and resilience.",SUPPORTED,True
2hop__635544_110949,content,elaborate,0,1,Pak Nam-gi is a person.,SUPPORTED,True
2hop__635544_110949,content,elaborate,0,1,"Pak Nam-gi or Park Nam-ki (21 February 1934 – 17 March 2010) was, until as late as January 2010, Director of the Planning and Finance Department of the ruling party of North Korea.",SUPPORTED,True
2hop__635544_110949,content,elaborate,0,1,"Pak Nam-gi or Park Nam-ki (21 February 1934 – 17 March 2010) was, until as late as January 2010, Director of the Planning and Finance Department of the ruling party of North Korea, a position of significant influence and power.",SUPPORTED,True
2hop__635544_110949,content,elaborate,0,1,There are doubts about his date of birth.,SUPPORTED,True
2hop__635544_110949,content,elaborate,0,1,At least two unattributed sources report his date of birth as 21 February 1934.,SUPPORTED,True
2hop__635544_110949,content,elaborate,0,1,At least two unattributed sources report his date of birth as sometime in 1928.,SUPPORTED,True
2hop__635544_110949,content,elaborate,0,1,There is uncertainty about his early life.,SUPPORTED,True
2hop__635544_110949,content,elaborate,0,1,William Shakespeare is a person.,SUPPORTED,True
2hop__635544_110949,content,elaborate,0,1,William Shakespeare was the son of John Shakespeare.,NOT_SUPPORTED,False
2hop__635544_110949,content,elaborate,0,1,John Shakespeare was an alderman.,SUPPORTED,True
2hop__635544_110949,content,elaborate,0,1,John Shakespeare was a glove-maker.,SUPPORTED,True
2hop__635544_110949,content,elaborate,0,1,Mary Arden was the daughter of an affluent landowning farmer.,SUPPORTED,True
2hop__635544_110949,content,elaborate,0,2,Shirley Abicair was a remarkable individual.,SUPPORTED,True
2hop__635544_110949,content,elaborate,0,2,Shirley Abicair was born in Melbourne.,SUPPORTED,True
2hop__635544_110949,content,elaborate,0,2,Melbourne is in Victoria.,SUPPORTED,True
2hop__635544_110949,content,elaborate,0,2,Melbourne is in Australia.,SUPPORTED,True
2hop__635544_110949,content,elaborate,0,2,Melbourne is renowned for its rich cultural and artistic heritage.,SUPPORTED,True
2hop__635544_110949,content,elaborate,0,2,Some sources suggest that her year of birth was 1935.,SUPPORTED,True
2hop__635544_110949,content,elaborate,0,2,A contemporary account indicates that she was 23 or 24 years old upon her arrival in Britain.,SUPPORTED,True
2hop__635544_110949,content,elaborate,0,2,"Considering she had completed her tertiary studies in Australia, the earlier date seems more plausible.",SUPPORTED,True
2hop__635544_110949,content,elaborate,0,2,She was born in 1931 or 1932.,NOT_SUPPORTED,False
2hop__635544_110949,content,elaborate,0,2,She is the only daughter of a Wing Commander in the Royal Australian Air Force (RAAF).,SUPPORTED,True
2hop__635544_110949,content,elaborate,0,2,Her father is a significant figure in the Australian military.,SUPPORTED,True
2hop__635544_110949,content,elaborate,0,2,Her upbringing would have been profoundly influenced by her father's distinguished career.,SUPPORTED,True
2hop__635544_110949,content,elaborate,0,2,She grew up in a household with a strong military presence.,SUPPORTED,True
2hop__635544_110949,content,elaborate,0,2,A strong military presence would have instilled in her a sense of discipline.,NOT_SUPPORTED,False
2hop__635544_110949,content,elaborate,0,2,A strong military presence would have instilled in her a sense of duty.,NOT_SUPPORTED,False
2hop__635544_110949,content,elaborate,0,2,A strong military presence would have instilled in her a sense of patriotism.,NOT_SUPPORTED,False
2hop__635544_110949,content,elaborate,0,2,A sense of discipline would have shaped her worldview.,NOT_SUPPORTED,False
2hop__635544_110949,content,elaborate,0,2,A sense of duty would have shaped her worldview.,NOT_SUPPORTED,False
2hop__635544_110949,content,elaborate,0,2,A sense of patriotism would have shaped her worldview.,NOT_SUPPORTED,False
2hop__635544_110949,content,elaborate,0,2,A sense of discipline would have shaped her future endeavors.,NOT_SUPPORTED,False
2hop__635544_110949,content,elaborate,0,2,A sense of duty would have shaped her future endeavors.,NOT_SUPPORTED,False
2hop__635544_110949,content,elaborate,0,2,A sense of patriotism would have shaped her future endeavors.,NOT_SUPPORTED,False
2hop__635544_110949,content,elaborate,0,2,Anno Domini is a calendar era.,SUPPORTED,True
2hop__635544_110949,content,elaborate,0,2,Anno Domini is based on the traditionally reckoned year of the conception or birth of Jesus of Nazareth.,SUPPORTED,True
2hop__635544_110949,content,elaborate,0,2,This system counts years.,SUPPORTED,True
2hop__635544_110949,content,elaborate,0,2,This system counts years from the start of the epoch.,SUPPORTED,True
2hop__635544_110949,content,elaborate,0,2,This system counts years from the start of the epoch denoting years before the start of the era as BC.,SUPPORTED,True
2hop__635544_110949,content,elaborate,0,2,This system counts years from the start of the epoch denoting years after the start of the era as AD.,SUPPORTED,True
2hop__635544_110949,content,elaborate,0,2,There is an absence of a year zero in this system.,SUPPORTED,True
2hop__635544_110949,content,elaborate,0,2,The year AD 1 immediately follows the year 1 BC.,SUPPORTED,True
2hop__635544_110949,content,elaborate,0,2,The absence of a year zero creates a seamless transition between the two periods.,SUPPORTED,True
2hop__635544_110949,content,elaborate,0,2,Dionysius Exiguus of Scythia Minor devised this dating system.,SUPPORTED,True
2hop__635544_110949,content,elaborate,0,2,Dionysius Exiguus of Scythia Minor was a monk and scholar.,SUPPORTED,True
2hop__635544_110949,content,elaborate,0,2,Dionysius Exiguus of Scythia Minor played a crucial role in shaping the way we perceive time and history.,SUPPORTED,True
2hop__635544_110949,content,elaborate,0,2,It was not widely used until after 800.,SUPPORTED,True
2hop__635544_110949,content,elaborate,0,2,It gradually replaced other calendars in use across Europe.,NOT_SUPPORTED,False
2hop__635544_110949,content,elaborate,0,2,It became an integral part of the Western calendar system.,SUPPORTED,True
2hop__635544_110949,content,elaborate,0,2,Švitrigaila was born to Algirdas.,SUPPORTED,True
2hop__635544_110949,content,elaborate,0,2,Algirdas was the Grand Duke of Lithuania.,SUPPORTED,True
2hop__635544_110949,content,elaborate,0,2,Švitrigaila's mother was Uliana of Tver.,SUPPORTED,True
2hop__635544_110949,content,elaborate,0,2,Uliana of Tver was a member of the royal family of Tver.,NOT_SUPPORTED,False
2hop__635544_110949,content,elaborate,0,2,His exact date of birth remains unknown.,SUPPORTED,True
2hop__635544_110949,content,elaborate,0,2,Historians believe that he was the youngest or second youngest son of Algirdas.,SUPPORTED,True
2hop__635544_110949,content,elaborate,0,2,Being the youngest or second youngest son of Algirdas would have placed him in a significant position within the family hierarchy.,SUPPORTED,True
2hop__635544_110949,content,elaborate,0,2,He witnessed the Treaty of Dubysa.,SUPPORTED,True
2hop__635544_110949,content,elaborate,0,2,The Treaty of Dubysa was between Jogaila and the Teutonic Knights.,SUPPORTED,True
2hop__635544_110949,content,elaborate,0,2,He witnessed the Treaty of Dubysa in October 1382.,SUPPORTED,True
2hop__635544_110949,content,elaborate,0,2,He witnessed the Treaty of Dubysa with his elder brother Jogaila.,SUPPORTED,True
2hop__635544_110949,content,elaborate,0,2,Jogaila was his elder brother.,SUPPORTED,True
2hop__635544_110949,content,elaborate,0,2,Jogaila was involved in the Treaty of Dubysa.,SUPPORTED,True
2hop__635544_110949,content,elaborate,0,2,The Teutonic Knights were a major military order of the time.,SUPPORTED,True
2hop__635544_110949,content,elaborate,0,2,Švitrigaila was at this event.,NOT_SUPPORTED,False
2hop__635544_110949,content,elaborate,0,2,Švitrigaila was no younger than 12 years old at the time.,SUPPORTED,True
2hop__635544_110949,content,elaborate,0,2,Švitrigaila's date of birth was sometime before 1370.,SUPPORTED,True
2hop__635544_110949,content,elaborate,0,2,Švitrigaila submitted a complaint to the Council of Florence.,SUPPORTED,True
2hop__635544_110949,content,elaborate,0,2,Švitrigaila claimed that he and Jogaila were the favorite sons of Algirdas.,SUPPORTED,True
2hop__635544_110949,content,elaborate,0,2,Algirdas transferred his throne to Jogaila.,SUPPORTED,True
2hop__635544_110949,content,elaborate,0,2,Jogaila swore to make Švitrigaila his heir.,SUPPORTED,True
2hop__635544_110949,content,elaborate,0,2,Algirdas died in 1377.,SUPPORTED,True
2hop__635544_110949,content,elaborate,0,2,Jogaila's representatives did not outright deny the arrangement.,SUPPORTED,True
2hop__635544_110949,content,elaborate,0,2,Jogaila's representatives claimed that the arrangement had been modified by mutual agreement between the brothers.,SUPPORTED,True
2hop__635544_110949,content,elaborate,0,2,The arrangement had been modified by mutual agreement between the brothers.,SUPPORTED,True
2hop__635544_110949,content,elaborate,0,2,"The arrangement had been modified by mutual agreement between the brothers, indicating a complex web of alliances and power struggles within the family.",SUPPORTED,True
2hop__635544_110949,content,elaborate,0,2,The natural-born-citizen clause is a provision in the U.S. Constitution.,SUPPORTED,True
2hop__635544_110949,content,elaborate,0,2,The natural-born-citizen clause has been subject to various interpretations over time.,SUPPORTED,True
2hop__635544_110949,content,elaborate,0,2,"The Constitution uses the phrase ""natural born Citizen"".",SUPPORTED,True
2hop__635544_110949,content,elaborate,0,2,"The Constitution does not define the phrase ""natural born Citizen"".",SUPPORTED,True
2hop__635544_110949,content,elaborate,0,2,"Different opinions exist regarding the precise meaning of the phrase ""natural born Citizen"".",SUPPORTED,True
2hop__635544_110949,content,elaborate,0,2,"The consensus among early 21st-century constitutional scholars is that natural-born citizens include, subject to exceptions, those born in the United States.",SUPPORTED,True
2hop__635544_110949,content,elaborate,0,2,"Relevant case law is that natural-born citizens include, subject to exceptions, those born in the United States.",SUPPORTED,True
2hop__635544_110949,content,elaborate,0,2,"Many scholars have concluded that those who meet the legal requirements for U.S. citizenship ""at the moment of birth"" are also natural-born citizens.",SUPPORTED,True
2hop__635544_110949,content,elaborate,0,2,"Regardless of place of birth, those who meet the legal requirements for U.S. citizenship ""at the moment of birth"" are also natural-born citizens.",SUPPORTED,True
2hop__635544_110949,content,elaborate,0,2,Every president to date was either a citizen at the adoption of the Constitution in 1789 or was born in the United States.,SUPPORTED,True
2hop__635544_110949,content,elaborate,0,2,There have been seven presidents who had at least one parent who was not born on U.S. soil.,SUPPORTED,True
2hop__635544_110949,content,elaborate,0,2,There have been seven presidents who had at least one parent who was not born on U.S. soil.,SUPPORTED,True
2hop__635544_110949,content,elaborate,0,2,There have been seven presidents who had at least one parent who was not born on U.S. soil.,SUPPORTED,True
2hop__635544_110949,content,elaborate,0,2,There have been seven presidents who had at least one parent who was not born on U.S. soil.,SUPPORTED,True
2hop__635544_110949,content,elaborate,0,2,There have been seven presidents who had at least one parent who was not born on U.S. soil.,SUPPORTED,True
2hop__635544_110949,content,elaborate,0,2,There have been seven presidents who had at least one parent who was not born on U.S. soil.,SUPPORTED,True
2hop__635544_110949,content,elaborate,0,2,There have been seven presidents who had at least one parent who was not born on U.S. soil.,SUPPORTED,True
2hop__635544_110949,content,elaborate,0,2,There have been seven presidents who had at least one parent who was not born on U.S. soil.,SUPPORTED,True
2hop__635544_110949,content,elaborate,0,2,There have been seven presidents who had at least one parent who was not born on U.S. soil.,SUPPORTED,True
2hop__635544_110949,content,elaborate,0,2,There have been seven presidents who had at least one parent who was not born on U.S. soil.,SUPPORTED,True
2hop__635544_110949,content,elaborate,0,2,There have been seven presidents who had at.,SUPPORTED,True
2hop__635544_110949,content,elaborate,0,2,The natural-born-citizen clause has been a topic of debate.,SUPPORTED,True
2hop__635544_110949,content,elaborate,0,2,Some argue that it is a necessary requirement for the presidency.,NOT_SUPPORTED,False
2hop__635544_110949,content,elaborate,0,2,Others see it as an outdated provision.,NOT_SUPPORTED,False
2hop__635544_110949,content,elaborate,0,2,Australia Day is a national public holiday in Australia.,SUPPORTED,True
2hop__635544_110949,content,elaborate,0,2,Australia Day is celebrated on January 26th every year.,SUPPORTED,True
2hop__635544_110949,content,elaborate,0,2,The meaning and significance of Australia Day have evolved over time.,SUPPORTED,True
2hop__635544_110949,content,elaborate,0,2,The country's growth has influenced the meaning and significance of Australia Day.,NOT_SUPPORTED,False
2hop__635544_110949,content,elaborate,0,2,The country's changing identity has influenced the meaning and significance of Australia Day.,SUPPORTED,True
2hop__635544_110949,content,elaborate,0,2,"Unofficially, the date has also been named ""Anniversary Day"".",SUPPORTED,True
2hop__635544_110949,content,elaborate,0,2,"Unofficially, the date has also been named ""Foundation Day"".",SUPPORTED,True
2hop__635544_110949,content,elaborate,0,2,"Unofficially, the date has also been named ""ANA Day"".",SUPPORTED,True
2hop__635544_110949,content,elaborate,0,2,"January 26, 1788, is a date.",SUPPORTED,True
2hop__635544_110949,content,elaborate,0,2,"The proclamation of British sovereignty over the eastern seaboard of Australia was made on January 26, 1788.",SUPPORTED,True
2hop__635544_110949,content,elaborate,0,2,The eastern seaboard of Australia was known as New Holland at the time of the proclamation.,SUPPORTED,True
2hop__635544_110949,content,elaborate,0,2,The proclamation of British sovereignty over the eastern seaboard of Australia is a pivotal moment in Australian history.,SUPPORTED,True
2hop__635544_110949,content,elaborate,0,2,Celebrations on January 26 date back to 1808.,SUPPORTED,True
2hop__635544_110949,content,elaborate,0,2,The first official celebration of the formation of New South Wales was held in 1818.,SUPPORTED,True
2hop__635544_110949,content,elaborate,0,2,January 26 was not known as Australia Day until over a century later.,SUPPORTED,True
2hop__635544_110949,content,elaborate,0,2,The British colonies of Australia formed a federation.,SUPPORTED,True
2hop__635544_110949,content,elaborate,0,2,"The British colonies of Australia formed a federation on New Year's Day, 1901.",SUPPORTED,True
2hop__635544_110949,content,elaborate,0,2,"The British colonies of Australia formed a federation, marking the birth of modern Australia.",SUPPORTED,True
2hop__635544_110949,content,elaborate,0,2,A national day of unity and celebration was looked for.,SUPPORTED,True
2hop__635544_110949,content,elaborate,0,2,"All Australian states and territories adopted the use of the term ""Australia Day"" in 1935.",SUPPORTED,True
2hop__635544_110949,content,elaborate,0,2,The date was consistently marked by a public holiday on that day by all states and territories in 1994.,SUPPORTED,True
2hop__635544_110949,content,elaborate,0,2,Giovanni Cifolelli was an Italian mandolin virtuoso.,SUPPORTED,True
2hop__635544_110949,content,elaborate,0,2,Giovanni Cifolelli was a dramatic composer.,SUPPORTED,True
2hop__635544_110949,content,elaborate,0,2,Giovanni Cifolelli's date of birth is unknown.,SUPPORTED,True
2hop__635544_110949,content,elaborate,0,2,Giovanni Cifolelli's place of birth is unknown.,SUPPORTED,True
2hop__635544_110949,content,elaborate,0,2,Giovanni Cifolelli's early life is not well understood.,SUPPORTED,True
2hop__635544_110949,content,elaborate,0,2,Giovanni Cifolelli's influences are not well understood.,NOT_SUPPORTED,False
2hop__635544_110949,content,elaborate,0,2,He made his appearance in Paris as a mandolin virtuoso.,SUPPORTED,True
2hop__635544_110949,content,elaborate,0,2,"He was highly esteemed, both as a performer and teacher.",SUPPORTED,True
2hop__635544_110949,content,elaborate,0,2,He had a high level of skill and expertise.,NOT_SUPPORTED,False
2hop__635544_110949,content,elaborate,0,2,"He published his ""Method for the mandolin"" while residing in Paris.",SUPPORTED,True
2hop__635544_110949,content,elaborate,0,2,"The ""Method for the mandolin"" met with great success throughout France.",SUPPORTED,True
2hop__635544_110949,content,elaborate,0,2,"The ""Method for the mandolin"" was the most popular of its period.",SUPPORTED,True
2hop__635544_110949,content,elaborate,0,2,"The ""Method for the mandolin"" demonstrated his contribution to the world of music.",SUPPORTED,True
2hop__635544_110949,content,elaborate,0,2,Cifolelli's work had a lasting impact on the development of mandolin music.,SUPPORTED,True
2hop__635544_110949,content,elaborate,0,2,Cifolelli's compositions continue to be celebrated for their beauty.,NOT_SUPPORTED,False
2hop__635544_110949,content,elaborate,0,2,Cifolelli's compositions continue to be celebrated for their technical complexity.,NOT_SUPPORTED,False
2hop__635544_110949,content,elaborate,0,2,Maureen Payne was a pioneering South African Test cricketer.,SUPPORTED,True
2hop__635544_110949,content,elaborate,0,2,Maureen Payne passed away in 1997.,SUPPORTED,True
2hop__635544_110949,content,elaborate,0,2,Maureen Payne passed away in South Africa.,SUPPORTED,True
2hop__635544_110949,content,elaborate,0,2,She captained the side.,SUPPORTED,True
2hop__635544_110949,content,elaborate,0,2,The side played against New Zealand in 1971-72.,SUPPORTED,True
2hop__635544_110949,content,elaborate,0,2,She showcased her leadership skills.,NOT_SUPPORTED,False
2hop__635544_110949,content,elaborate,0,2,She showcased her dedication to the game.,NOT_SUPPORTED,False
2hop__635544_110949,content,elaborate,0,2,Payne appeared in five Tests for South Africa.,SUPPORTED,True
2hop__635544_110949,content,elaborate,0,2,Payne claimed eight wickets in Tests for South Africa.,SUPPORTED,True
2hop__635544_110949,content,elaborate,0,2,Eight wickets is a notable achievement in international cricket.,SUPPORTED,True
2hop__635544_110949,content,elaborate,0,2,Her legacy as a trailblazer in women's cricket exists.,SUPPORTED,True
2hop__635544_110949,content,elaborate,0,2,Her legacy continues to inspire future generations of female cricketers.,NOT_SUPPORTED,False
2hop__635544_110949,content,elaborate,0,2,Dragon Ball Super is an anime series.,NOT_SUPPORTED,False
2hop__635544_110949,content,elaborate,0,2,The list of Dragon Ball Super episodes is a catalog.,SUPPORTED,True
2hop__635544_110949,content,elaborate,0,2,The list of Dragon Ball Super episodes is comprehensive.,NOT_SUPPORTED,False
2hop__635544_110949,content,elaborate,0,2,"Part One was released on July 25, 2017.",SUPPORTED,True
2hop__635544_110949,content,elaborate,0,2,Part One included episodes 01 to 13.,SUPPORTED,True
2hop__635544_110949,content,elaborate,0,2,"Part Two was released on October 3, 2017.",SUPPORTED,True
2hop__635544_110949,content,elaborate,0,2,Part Two included episodes 14 to 26.,SUPPORTED,True
2hop__635544_110949,content,elaborate,0,2,"Part Three was released on February 20, 2018.",SUPPORTED,True
2hop__635544_110949,content,elaborate,0,2,Part Three included episodes 27 to 39.,SUPPORTED,True
2hop__635544_110949,content,elaborate,0,2,Episodes 27 to 39 provide a detailed record of the series' progression and development.,NOT_SUPPORTED,False
2hop__635544_110949,content,elaborate,0,2,Streams of Expression is the 20th studio album by Joe Lovano.,SUPPORTED,True
2hop__635544_110949,content,elaborate,0,2,Joe Lovano is an American jazz musician.,SUPPORTED,True
2hop__635544_110949,content,elaborate,0,2,Blue Note is a renowned label.,SUPPORTED,True
2hop__635544_110949,content,elaborate,0,2,The album was released in 2006.,SUPPORTED,True
2hop__635544_110949,content,elaborate,0,2,"The album features a five-part ""Streams of Expression Suite"".",SUPPORTED,True
2hop__635544_110949,content,elaborate,0,2,"The album features a three-part ""Birth of the Cool Suite"".",SUPPORTED,True
2hop__635544_110949,content,elaborate,0,2,The album features three other shorter works.,SUPPORTED,True
2hop__635544_110949,content,elaborate,0,2,The album showcases Lovano's versatility and creativity as a composer.,SUPPORTED,True
2hop__635544_110949,content,elaborate,0,2,"The ""Birth of the Cool Suite"" was conducted by Gunther Schuller.",SUPPORTED,True
2hop__635544_110949,content,elaborate,0,2,"The ""Birth of the Cool Suite"" utilizes melodic themes inspired by Miles Davis' work from his 1948 and 1950 nonet.",SUPPORTED,True
2hop__635544_110949,content,elaborate,0,2,"The ""Birth of the Cool Suite"" pays tribute to the jazz legend Miles Davis.",SUPPORTED,True
2hop__635544_110949,content,elaborate,0,2,The album features George Garzone.,SUPPORTED,True
2hop__635544_110949,content,elaborate,0,2,The album features Ralph Lalama.,SUPPORTED,True
2hop__635544_110949,content,elaborate,0,2,The album features Gary Smulyan.,SUPPORTED,True
2hop__635544_110949,content,elaborate,0,2,The album features Tim Hagans.,SUPPORTED,True
2hop__635544_110949,content,elaborate,0,2,George Garzone is a jazz musician.,NOT_SUPPORTED,False
2hop__635544_110949,content,elaborate,0,2,Ralph Lalama is a jazz musician.,SUPPORTED,True
2hop__635544_110949,content,elaborate,0,2,Gary Smulyan is a jazz musician.,SUPPORTED,True
2hop__635544_110949,content,elaborate,0,2,Tim Hagans is a jazz musician.,SUPPORTED,True
2hop__635544_110949,content,elaborate,0,2,The ensemble is talented.,NOT_SUPPORTED,False
2hop__635544_110949,content,elaborate,0,2,The ensemble is unique.,NOT_SUPPORTED,False
2hop__635544_110949,content,elaborate,0,2,The ensemble is unique in sound.,NOT_SUPPORTED,False
2hop__635544_110949,content,elaborate,0,2,The ensemble is unique in style.,NOT_SUPPORTED,False
2hop__635544_110949,content,elaborate,0,2,Pir Syed Muhammad Binyamin Rizvi was a Pakistani politician.,SUPPORTED,True
2hop__635544_110949,content,elaborate,0,2,Pir Syed Muhammad Binyamin Rizvi was a member of the influential Rizvi family.,NOT_SUPPORTED,False
2hop__635544_110949,content,elaborate,0,2,"Pir Syed Muhammad Binyamin Rizvi was born on August 15, 1959.",NOT_SUPPORTED,False
2hop__635544_110949,content,elaborate,0,2,He was the oldest son.,NOT_SUPPORTED,False
2hop__635544_110949,content,elaborate,0,2,Pir Syed Mohammad Yaqoob Shah was a famous spiritual and religious scholar.,SUPPORTED,True
2hop__635544_110949,content,elaborate,0,2,Pir Syed Mohammad Yaqoob Shah was a member of the provincial assembly.,SUPPORTED,True
2hop__635544_110949,content,elaborate,0,2,"Pir Syed Mohammad Yaqoob Shah died on August 31, 1991.",SUPPORTED,True
2hop__635544_110949,content,elaborate,0,2,Pir Syed Muhammad Binyamin Rizvi was murdered.,SUPPORTED,True
2hop__635544_110949,content,elaborate,0,2,The murder happened in Lahore.,NOT_SUPPORTED,False
2hop__635544_110949,content,elaborate,0,2,The murder happened near his house.,NOT_SUPPORTED,False
2hop__635544_110949,content,elaborate,0,2,"The murder happened on June 24, 2004.",SUPPORTED,True
2hop__635544_110949,content,elaborate,0,2,The murder shocked the nation.,NOT_SUPPORTED,False
2hop__635544_110949,content,elaborate,0,2,He is buried.,SUPPORTED,True
2hop__635544_110949,content,elaborate,0,2,He is buried next to his father.,SUPPORTED,True
2hop__635544_110949,content,elaborate,0,2,His father is late Pir Syed Mohammad Yaqoob Shah.,SUPPORTED,True
2hop__635544_110949,content,elaborate,0,2,He is buried in his hometown of Phalia.,SUPPORTED,True
2hop__635544_110949,content,elaborate,0,2,"He is buried in Phalia, a testament to his enduring legacy.",SUPPORTED,True
2hop__635544_110949,content,elaborate,0,2,"La naissance d'Osiris, or La fête Pamilie, is a one-act opera.",SUPPORTED,True
2hop__635544_110949,content,elaborate,0,2,"Jean-Philippe Rameau wrote La naissance d'Osiris, or La fête Pamilie.",SUPPORTED,True
2hop__635544_110949,content,elaborate,0,2,"La naissance d'Osiris, or La fête Pamilie, was first performed on October 12, 1754.",SUPPORTED,True
2hop__635544_110949,content,elaborate,0,2,"La naissance d'Osiris, or La fête Pamilie, was performed at Fontainebleau.",SUPPORTED,True
2hop__635544_110949,content,elaborate,0,2,"La naissance d'Osiris, or La fête Pamilie, was performed to celebrate the birth of the future King Louis XVI.",SUPPORTED,True
2hop__635544_110949,content,elaborate,0,2,The birth of the future King Louis XVI was a significant event in French history.,SUPPORTED,True
2hop__635544_110949,content,elaborate,0,2,The libretto is by Louis de Cahusac.,SUPPORTED,True
2hop__635544_110949,content,elaborate,0,2,"Cahusac styled the work a ""ballet allégorique"".",SUPPORTED,True
2hop__635544_110949,content,elaborate,0,2,"It is usually categorized as an ""acte de ballet"".",SUPPORTED,True
2hop__635544_110949,content,elaborate,0,2,Jupiter announces the birth of the god Osiris.,SUPPORTED,True
2hop__635544_110949,content,elaborate,0,2,The god Osiris symbolizes the baby prince.,SUPPORTED,True
2hop__635544_110949,content,elaborate,0,2,The piece may have started life as part of a larger work.,SUPPORTED,True
2hop__635544_110949,content,elaborate,0,2,"""Les beaux jours de l'Amour"" is an ""opéra-ballet"" that Rameau and Cahusac planned.",SUPPORTED,True
2hop__635544_110949,content,elaborate,0,2,"Rameau and Cahusac planned ""Les beaux jours de l'Amour"" but never completed it.",SUPPORTED,True
2hop__635544_110949,content,elaborate,0,2,"The reasons for not completing ""Les beaux jours de l'Amour"" are still uncertain.",SUPPORTED,True
2hop__635544_110949,content,elaborate,0,2,"""Les beaux jours de l'Amour"" is a fascinating glimpse into the creative process.",NOT_SUPPORTED,False
2hop__635544_110949,content,elaborate,0,2,"Sue Ryder's birth and death certificates both put the date one year later, on July 3, 1924.",NOT_SUPPORTED,False
2hop__635544_110949,content,elaborate,0,2,"A plaque unveiled in honor of Sue Ryder and Leonard Cheshire in Cavendish Church in Suffolk puts the date one year later, on July 3, 1924.",SUPPORTED,True
2hop__635544_110949,content,elaborate,0,2,The plaque is a testament to Sue Ryder's enduring legacy.,SUPPORTED,True
2hop__635544_110949,content,elaborate,0,2,Ryder volunteered for the First Aid Nursing Yeomanry.,SUPPORTED,True
2hop__635544_110949,content,elaborate,0,2,Ryder was 15 years old.,SUPPORTED,True
2hop__635544_110949,content,elaborate,0,2,Ryder demonstrated courage.,SUPPORTED,True
2hop__635544_110949,content,elaborate,0,2,Ryder demonstrated determination.,SUPPORTED,True
2hop__635544_110949,content,elaborate,0,2,She lied about her age.,NOT_SUPPORTED,False
2hop__635544_110949,content,elaborate,0,2,She seems to have maintained the deception for the rest of her life.,SUPPORTED,True
2hop__635544_110949,content,elaborate,0,3,Shirley Abicair was an extraordinary individual.,SUPPORTED,True
2hop__635544_110949,content,elaborate,0,3,"Shirley Abicair was born in Melbourne, Victoria, Australia.",SUPPORTED,True
2hop__635544_110949,content,elaborate,0,3,"Melbourne, Victoria, Australia is celebrated for its rich cultural and artistic heritage.",SUPPORTED,True
2hop__635544_110949,content,elaborate,0,3,"Melbourne, Victoria, Australia would later play a significant role in shaping Shirley Abicair's life.",SUPPORTED,True
2hop__635544_110949,content,elaborate,0,3,Some sources suggest that her year of birth was 1935.,SUPPORTED,True
2hop__635544_110949,content,elaborate,0,3,A contemporary account indicates that she was 23 or 24 years old upon her arrival in Britain.,SUPPORTED,True
2hop__635544_110949,content,elaborate,0,3,"Considering she had completed her tertiary studies in Australia, the earlier date seems more plausible.",SUPPORTED,True
2hop__635544_110949,content,elaborate,0,3,She was born in 1931 or 1932.,NOT_SUPPORTED,False
2hop__635544_110949,content,elaborate,0,3,1931 and 1932 were times of great change and upheaval.,NOT_SUPPORTED,False
2hop__635544_110949,content,elaborate,0,3,Times of great change and upheaval influence upbringing and worldview.,NOT_SUPPORTED,False
2hop__635544_110949,content,elaborate,0,3,She is the only daughter of a Wing Commander in the Royal Australian Air Force (RAAF).,SUPPORTED,True
2hop__635544_110949,content,elaborate,0,3,A Wing Commander in the Royal Australian Air Force (RAAF) is a significant figure in the Australian military.,SUPPORTED,True
2hop__635544_110949,content,elaborate,0,3,She was brought up by her father.,NOT_SUPPORTED,False
2hop__635544_110949,content,elaborate,0,3,Her father's distinguished career influenced her upbringing.,SUPPORTED,True
2hop__635544_110949,content,elaborate,0,3,Her father's distinguished career instilled in her a sense of discipline.,SUPPORTED,True
2hop__635544_110949,content,elaborate,0,3,Her father's distinguished career instilled in her a sense of duty.,SUPPORTED,True
2hop__635544_110949,content,elaborate,0,3,Her father's distinguished career instilled in her a sense of patriotism.,SUPPORTED,True
2hop__635544_110949,content,elaborate,0,3,She grew up in a household with a strong military presence.,SUPPORTED,True
2hop__635544_110949,content,elaborate,0,3,Her future endeavors were shaped by her upbringing.,SUPPORTED,True
2hop__635544_110949,content,elaborate,0,3,She navigated the complexities of her father's role.,NOT_SUPPORTED,False
2hop__635544_110949,content,elaborate,0,3,There were expectations that came with her father's role.,NOT_SUPPORTED,False
2hop__635544_110949,content,elaborate,0,3,Anno Domini is a calendar era.,SUPPORTED,True
2hop__635544_110949,content,elaborate,0,3,Anno Domini is based on the traditionally reckoned year of the conception or birth of Jesus of Nazareth.,SUPPORTED,True
2hop__635544_110949,content,elaborate,0,3,Anno Domini is a pivotal event in human history.,SUPPORTED,True
2hop__635544_110949,content,elaborate,0,3,This system counts years.,SUPPORTED,True
2hop__635544_110949,content,elaborate,0,3,This system counts years from the start of the epoch.,SUPPORTED,True
2hop__635544_110949,content,elaborate,0,3,This system counts years from the start of the epoch denoting years before the start of the era as BC.,SUPPORTED,True
2hop__635544_110949,content,elaborate,0,3,This system counts years from the start of the epoch denoting years after the start of the era as AD.,SUPPORTED,True
2hop__635544_110949,content,elaborate,0,3,This system counts years from the start of the epoch creating a clear and consistent method of timekeeping.,SUPPORTED,True
2hop__635544_110949,content,elaborate,0,3,There is an absence of a year zero in this system.,SUPPORTED,True
2hop__635544_110949,content,elaborate,0,3,The year AD 1 immediately follows the year 1 BC.,SUPPORTED,True
2hop__635544_110949,content,elaborate,0,3,The absence of a year zero creates a seamless transition between the two periods.,SUPPORTED,True
2hop__635544_110949,content,elaborate,0,3,Dionysius Exiguus of Scythia Minor devised the dating system.,SUPPORTED,True
2hop__635544_110949,content,elaborate,0,3,Dionysius Exiguus of Scythia Minor was a monk and scholar.,SUPPORTED,True
2hop__635544_110949,content,elaborate,0,3,Dionysius Exiguus of Scythia Minor played a crucial role in shaping the way we perceive time and history.,SUPPORTED,True
2hop__635544_110949,content,elaborate,0,3,Dionysius Exiguus of Scythia Minor's work had far-reaching implications for the development of modern calendars.,SUPPORTED,True
2hop__635544_110949,content,elaborate,0,3,It was not widely used until after 800.,SUPPORTED,True
2hop__635544_110949,content,elaborate,0,3,It gradually replaced other calendars in use across Europe.,NOT_SUPPORTED,False
2hop__635544_110949,content,elaborate,0,3,It became an integral part of the Western calendar system.,SUPPORTED,True
2hop__635544_110949,content,elaborate,0,3,It influenced the way we understand and organize time.,NOT_SUPPORTED,False
2hop__635544_110949,content,elaborate,0,3,"Švitrigaila was born to Algirdas, the Grand Duke of Lithuania.",SUPPORTED,True
2hop__635544_110949,content,elaborate,0,3,"Švitrigaila was born to Algirdas, the Grand Duke of Lithuania, and his second wife, Uliana of Tver.",SUPPORTED,True
2hop__635544_110949,content,elaborate,0,3,Uliana of Tver was a member of the royal family of Tver.,NOT_SUPPORTED,False
2hop__635544_110949,content,elaborate,0,3,"Švitrigaila was born to Algirdas, the Grand Duke of Lithuania, and his second wife, Uliana of Tver, a union that would have significant implications for the future of the Grand Duchy.",SUPPORTED,True
2hop__635544_110949,content,elaborate,0,3,His exact date of birth remains unknown.,SUPPORTED,True
2hop__635544_110949,content,elaborate,0,3,Historians believe he was the youngest or second youngest son of Algirdas.,SUPPORTED,True
2hop__635544_110949,content,elaborate,0,3,He was the youngest or second youngest son of Algirdas.,SUPPORTED,True
2hop__635544_110949,content,elaborate,0,3,He was in a significant position within the family hierarchy.,SUPPORTED,True
2hop__635544_110949,content,elaborate,0,3,He had a complex web of alliances and power struggles to navigate.,NOT_SUPPORTED,False
2hop__635544_110949,content,elaborate,0,3,He witnessed the Treaty of Dubysa.,SUPPORTED,True
2hop__635544_110949,content,elaborate,0,3,"The Treaty of Dubysa was between his elder brother, Jogaila, and the Teutonic Knights.",SUPPORTED,True
2hop__635544_110949,content,elaborate,0,3,The Treaty of Dubysa was an important milestone in his development as a leader.,NOT_SUPPORTED,False
2hop__635544_110949,content,elaborate,0,3,Švitrigaila was at the event.,NOT_SUPPORTED,False
2hop__635544_110949,content,elaborate,0,3,Švitrigaila was no younger than 12 years old at the time.,SUPPORTED,True
2hop__635544_110949,content,elaborate,0,3,Švitrigaila's date of birth was sometime before 1370.,SUPPORTED,True
2hop__635544_110949,content,elaborate,0,3,The time was a time of great upheaval and change in the region.,NOT_SUPPORTED,False
2hop__635544_110949,content,elaborate,0,3,Švitrigaila submitted a complaint to the Council of Florence.,SUPPORTED,True
2hop__635544_110949,content,elaborate,0,3,Švitrigaila claimed that he and Jogaila were the favorite sons of Algirdas.,SUPPORTED,True
2hop__635544_110949,content,elaborate,0,3,Švitrigaila highlighted the complex family dynamics at play.,SUPPORTED,True
2hop__635544_110949,content,elaborate,0,3,Algirdas transferred his throne to Jogaila.,SUPPORTED,True
2hop__635544_110949,content,elaborate,0,3,Jogaila swore to make Švitrigaila his heir.,SUPPORTED,True
2hop__635544_110949,content,elaborate,0,3,Algirdas died in 1377.,SUPPORTED,True
2hop__635544_110949,content,elaborate,0,3,The decision would have significant implications for the future of the Grand Duchy.,NOT_SUPPORTED,False
2hop__635544_110949,content,elaborate,0,3,The natural-born-citizen clause is a provision in the U.S. Constitution.,SUPPORTED,True
2hop__635544_110949,content,elaborate,0,3,The natural-born-citizen clause has been subject to various interpretations over time.,SUPPORTED,True
2hop__635544_110949,content,elaborate,0,3,The natural-born-citizen clause reflects the complexities of citizenship.,SUPPORTED,True
2hop__635544_110949,content,elaborate,0,3,The natural-born-citizen clause reflects the complexities of citizenship and its implications for political leadership.,SUPPORTED,True
2hop__635544_110949,content,elaborate,0,3,"The consensus among early 21st-century constitutional scholars is that natural-born citizens include, subject to exceptions, those born in the United States.",SUPPORTED,True
2hop__635544_110949,content,elaborate,0,3,The definition of natural-born citizens has been shaped by the country's history and development.,SUPPORTED,True
2hop__635544_110949,content,elaborate,0,3,The definition of natural-born citizens has been shaped by relevant case law.,SUPPORTED,True
2hop__635544_110949,content,elaborate,0,3,"Many scholars have concluded that those who meet the legal requirements for U.S. citizenship ""at the moment of birth"" are also natural-born citizens.",SUPPORTED,True
2hop__635544_110949,content,elaborate,0,3,"Those who meet the legal requirements for U.S. citizenship ""at the moment of birth"" are also natural-born citizens.",SUPPORTED,True
2hop__635544_110949,content,elaborate,0,3,The complexities of citizenship in a globalized world are highlighted.,NOT_SUPPORTED,False
2hop__635544_110949,content,elaborate,0,3,Every president to date was either a citizen at the adoption of the Constitution in 1789 or was born in the United States.,SUPPORTED,True
2hop__635544_110949,content,elaborate,0,3,There have been seven presidents who had at least one parent who was not born on U.S. soil.,SUPPORTED,True
2hop__635544_110949,content,elaborate,0,3,The diverse and complex nature of American identity is reflected in the seven presidents who had at least one parent who was not born on U.S. soil.,NOT_SUPPORTED,False
2hop__635544_110949,content,elaborate,0,3,The meaning and significance of Australia Day have evolved over time.,SUPPORTED,True
2hop__635544_110949,content,elaborate,0,3,The country's growth and changing identity have been reflected in the meaning and significance of Australia Day.,NOT_SUPPORTED,False
2hop__635544_110949,content,elaborate,0,3,Australia Day has developed from a colonial outpost to a modern nation.,SUPPORTED,True
2hop__635544_110949,content,elaborate,0,3,"Unofficially, or historically, the date has also been variously named ""Anniversary Day"", ""Foundation Day"", and ""ANA Day"".",SUPPORTED,True
2hop__635544_110949,content,elaborate,0,3,The date highlights the complexities of Australian identity.,SUPPORTED,True
2hop__635544_110949,content,elaborate,0,3,The date highlights the ongoing debates about the country's history and heritage.,NOT_SUPPORTED,False
2hop__635544_110949,content,elaborate,0,3,"January 26, 1788, marked the arrival of the First Fleet.",NOT_SUPPORTED,False
2hop__635544_110949,content,elaborate,0,3,The arrival of the First Fleet is a significant event in Australian history.,NOT_SUPPORTED,False
2hop__635544_110949,content,elaborate,0,3,The arrival of the First Fleet would shape the country's development and identity.,NOT_SUPPORTED,False
2hop__635544_110949,content,elaborate,0,3,Celebrations on January 26 date back to 1808.,SUPPORTED,True
2hop__635544_110949,content,elaborate,0,3,The first official celebration of the formation of New South Wales was held in 1818.,SUPPORTED,True
2hop__635544_110949,content,elaborate,0,3,The milestone of Australian identity was marked in 1818.,NOT_SUPPORTED,False
2hop__635544_110949,content,elaborate,0,3,Australia Day was not known as Australia Day until over a century later.,SUPPORTED,True
2hop__635544_110949,content,elaborate,0,3,"On New Year's Day, 1901, the British colonies of Australia formed a federation.",SUPPORTED,True
2hop__635544_110949,content,elaborate,0,3,The birth of modern Australia was marked.,SUPPORTED,True
2hop__635544_110949,content,elaborate,0,3,A national day of unity and celebration was looked for.,SUPPORTED,True
2hop__635544_110949,content,elaborate,0,3,January 26 was eventually settled on as the national day of unity and celebration.,SUPPORTED,True
2hop__635544_110949,content,elaborate,0,3,"It was not until 1935 that all Australian states and territories adopted the use of the term ""Australia Day"" to mark the date.",SUPPORTED,True
2hop__635544_110949,content,elaborate,0,3,It was not until 1994 that the date was consistently marked by a public holiday on that day by all states and territories.,SUPPORTED,True
2hop__635544_110949,content,elaborate,0,3,The ongoing evolution of Australian identity is reflected in the date being consistently marked by a public holiday on that day by all states and territories.,NOT_SUPPORTED,False
2hop__635544_110949,content,elaborate,0,3,Giovanni Cifolelli was an Italian mandolin virtuoso and dramatic composer.,SUPPORTED,True
2hop__635544_110949,content,elaborate,0,3,Giovanni Cifolelli's date and place of birth remain unknown.,SUPPORTED,True
2hop__635544_110949,content,elaborate,0,3,Giovanni Cifolelli's early life and influences are not well understood.,SUPPORTED,True
2hop__635544_110949,content,elaborate,0,3,Giovanni Cifolelli's background and development as a musician are the subject of ongoing speculation.,NOT_SUPPORTED,False
2hop__635544_110949,content,elaborate,0,3,He made his appearance in Paris as a mandolin virtuoso.,SUPPORTED,True
2hop__635544_110949,content,elaborate,0,3,"He was highly esteemed, both as a performer and teacher.",SUPPORTED,True
2hop__635544_110949,content,elaborate,0,3,He had a high level of skill and expertise.,NOT_SUPPORTED,False
2hop__635544_110949,content,elaborate,0,3,He had honed through years of practice and dedication.,NOT_SUPPORTED,False
2hop__635544_110949,content,elaborate,0,3,"He published his ""Method for the mandolin"" while residing in Paris.",SUPPORTED,True
2hop__635544_110949,content,elaborate,0,3,"The ""Method for the mandolin"" met with great success throughout France.",SUPPORTED,True
2hop__635544_110949,content,elaborate,0,3,"The ""Method for the mandolin"" was the most popular of its period.",SUPPORTED,True
2hop__635544_110949,content,elaborate,0,3,"The ""Method for the mandolin"" demonstrated his contribution to the world of music.",SUPPORTED,True
2hop__635544_110949,content,elaborate,0,3,"The ""Method for the mandolin"" demonstrated his ability to communicate complex musical ideas to a wider audience.",SUPPORTED,True
2hop__635544_110949,content,elaborate,0,3,Cifolelli's work had a lasting impact on the development of mandolin music.,SUPPORTED,True
2hop__635544_110949,content,elaborate,0,3,Cifolelli's compositions continue to be celebrated for their beauty and technical complexity.,NOT_SUPPORTED,False
2hop__635544_110949,content,elaborate,0,3,Cifolelli's enduring legacy as a musician and composer is a testament to his work.,NOT_SUPPORTED,False
2hop__635544_110949,content,elaborate,0,3,Maureen Payne was a pioneering South African Test cricketer.,SUPPORTED,True
2hop__635544_110949,content,elaborate,0,3,Maureen Payne's date of birth is unknown.,SUPPORTED,True
2hop__635544_110949,content,elaborate,0,3,Maureen Payne passed away in 1997.,SUPPORTED,True
2hop__635544_110949,content,elaborate,0,3,Maureen Payne passed away in South Africa.,SUPPORTED,True
2hop__635544_110949,content,elaborate,0,3,Maureen Payne left behind a legacy as a trailblazer in women's cricket.,SUPPORTED,True
2hop__635544_110949,content,elaborate,0,3,She captained the side for their second series.,SUPPORTED,True
2hop__635544_110949,content,elaborate,0,3,She played against New Zealand in 1971-72.,SUPPORTED,True
2hop__635544_110949,content,elaborate,0,3,She showcased her leadership skills and dedication to the game.,NOT_SUPPORTED,False
2hop__635544_110949,content,elaborate,0,3,She was able to inspire and motivate her teammates.,NOT_SUPPORTED,False
2hop__635544_110949,content,elaborate,0,3,Payne appeared in five Tests for South Africa.,SUPPORTED,True
2hop__635544_110949,content,elaborate,0,3,Payne claimed eight wickets.,SUPPORTED,True
2hop__635544_110949,content,elaborate,0,3,Eight wickets is a notable achievement in international cricket.,SUPPORTED,True
2hop__635544_110949,content,elaborate,0,3,Eight wickets is a testament to her skill and determination as a player.,SUPPORTED,True
2hop__635544_110949,content,elaborate,0,3,Her legacy as a pioneering female cricketer continues to inspire future generations of female cricketers.,NOT_SUPPORTED,False
2hop__635544_110949,content,elaborate,0,3,Her contributions to the development of women's cricket in South Africa are still celebrated today.,SUPPORTED,True
2hop__635544_110949,content,elaborate,0,3,The list of Dragon Ball Super episodes is a comprehensive catalog.,NOT_SUPPORTED,False
2hop__635544_110949,content,elaborate,0,3,Dragon Ball Super is a popular anime series.,NOT_SUPPORTED,False
2hop__635544_110949,content,elaborate,0,3,Dragon Ball Super has captured the hearts of fans around the world.,NOT_SUPPORTED,False
2hop__635544_110949,content,elaborate,0,3,Dragon Ball Super has epic battles.,NOT_SUPPORTED,False
2hop__635544_110949,content,elaborate,0,3,Dragon Ball Super has memorable characters.,NOT_SUPPORTED,False
2hop__635544_110949,content,elaborate,0,3,Dragon Ball Super has intricate plotlines.,NOT_SUPPORTED,False
2hop__635544_110949,content,elaborate,0,3,"Part One was released on July 25, 2017.",SUPPORTED,True
2hop__635544_110949,content,elaborate,0,3,Part One included episodes 01 to 13.,SUPPORTED,True
2hop__635544_110949,content,elaborate,0,3,Part One marked the beginning of an epic journey.,NOT_SUPPORTED,False
2hop__635544_110949,content,elaborate,0,3,The epic journey would take viewers on a thrilling adventure through the world of Dragon Ball.,NOT_SUPPORTED,False
2hop__635544_110949,content,elaborate,0,3,"Part Two was released on October 3, 2017.",SUPPORTED,True
2hop__635544_110949,content,elaborate,0,3,Episodes 14 to 26 were included in Part Two.,SUPPORTED,True
2hop__635544_110949,content,elaborate,0,3,The story continued in Part Two.,NOT_SUPPORTED,False
2hop__635544_110949,content,elaborate,0,3,New characters were introduced in Part Two.,SUPPORTED,True
2hop__635544_110949,content,elaborate,0,3,New plot twists were introduced in Part Two.,NOT_SUPPORTED,False
2hop__635544_110949,content,elaborate,0,3,Viewers were kept on the edge of their seats by the plot twists in Part Two.,NOT_SUPPORTED,False
2hop__635544_110949,content,elaborate,0,3,"Part Three was released on February 20, 2018.",SUPPORTED,True
2hop__635544_110949,content,elaborate,0,3,Part Three included episodes 27 to 39.,SUPPORTED,True
2hop__635544_110949,content,elaborate,0,3,Part Three provided a detailed record of the series' progression and development.,NOT_SUPPORTED,False
2hop__635544_110949,content,elaborate,0,3,Part Three provided a testament to the creativity and imagination of its creators.,NOT_SUPPORTED,False
2hop__635544_110949,content,elaborate,0,3,Streams of Expression is the 20th studio album by Joe Lovano.,SUPPORTED,True
2hop__635544_110949,content,elaborate,0,3,Joe Lovano is an American jazz musician.,SUPPORTED,True
2hop__635544_110949,content,elaborate,0,3,Blue Note is a renowned label.,SUPPORTED,True
2hop__635544_110949,content,elaborate,0,3,Blue Note is a hub of jazz innovation and creativity.,SUPPORTED,True
2hop__635544_110949,content,elaborate,0,3,Blue Note has been a hub of jazz innovation and creativity for decades.,SUPPORTED,True
2hop__635544_110949,content,elaborate,0,3,The album was released in 2006.,SUPPORTED,True
2hop__635544_110949,content,elaborate,0,3,"The album features a five-part ""Streams of Expression Suite"".",SUPPORTED,True
2hop__635544_110949,content,elaborate,0,3,"The album features a three-part ""Birth of the Cool Suite"".",SUPPORTED,True
2hop__635544_110949,content,elaborate,0,3,The album features three other shorter works.,SUPPORTED,True
2hop__635544_110949,content,elaborate,0,3,Lovano's versatility and creativity as a composer is showcased.,NOT_SUPPORTED,False
2hop__635544_110949,content,elaborate,0,3,Lovano's ability to blend different styles and influences into a unique sound is showcased.,NOT_SUPPORTED,False
2hop__635544_110949,content,elaborate,0,3,"The ""Birth of the Cool Suite"" was conducted by Gunther Schuller.",SUPPORTED,True
2hop__635544_110949,content,elaborate,0,3,"The ""Birth of the Cool Suite"" utilizes melodic themes inspired by Miles Davis' work from his 1948 and 1950 nonet.",SUPPORTED,True
2hop__635544_110949,content,elaborate,0,3,"The ""Birth of the Cool Suite"" pays tribute to the jazz legend Miles Davis.",SUPPORTED,True
2hop__635544_110949,content,elaborate,0,3,"The ""Birth of the Cool Suite"" highlights the enduring influence of Miles Davis' music.",SUPPORTED,True
2hop__635544_110949,content,elaborate,0,3,The album features George Garzone.,SUPPORTED,True
2hop__635544_110949,content,elaborate,0,3,The album features Ralph Lalama.,SUPPORTED,True
2hop__635544_110949,content,elaborate,0,3,The album features Gary Smulyan.,SUPPORTED,True
2hop__635544_110949,content,elaborate,0,3,The album features Tim Hagans.,SUPPORTED,True
2hop__635544_110949,content,elaborate,0,3,"George Garzone, Ralph Lalama, Gary Smulyan, and Tim Hagans are talented musicians.",SUPPORTED,True
2hop__635544_110949,content,elaborate,0,3,"George Garzone, Ralph Lalama, Gary Smulyan, and Tim Hagans are jazz musicians.",SUPPORTED,True
2hop__635544_110949,content,elaborate,0,3,"George Garzone, Ralph Lalama, Gary Smulyan, and Tim Hagans bring the album to life.",SUPPORTED,True
2hop__635544_110949,content,elaborate,0,3,"George Garzone, Ralph Lalama, Gary Smulyan, and Tim Hagans have a unique sound.",SUPPORTED,True
2hop__635544_110949,content,elaborate,0,3,"George Garzone, Ralph Lalama, Gary Smulyan, and Tim Hagans have a unique style.",SUPPORTED,True
2hop__635544_110949,content,elaborate,0,3,The album is rich.,NOT_SUPPORTED,False
2hop__635544_110949,content,elaborate,0,3,The album is immersive.,NOT_SUPPORTED,False
2hop__635544_110949,content,elaborate,0,3,Pir Syed Muhammad is a person.,SUPPORTED,True
