qid,instruction_type,run,first_hit_step,duration,event_observed
./cnn/stories/00ae31ff5ede1de6cd39eccf36bae935c882527b.story,shorten,0,2,2,0
./cnn/stories/01d2bc258d5e13d1742cc75bbfa8b224c9760cd0.story,formality,2,2,1,1
./cnn/stories/01d2bc258d5e13d1742cc75bbfa8b224c9760cd0.story,paraphrase,1,2,1,1
./cnn/stories/01d2bc258d5e13d1742cc75bbfa8b224c9760cd0.story,shorten,0,2,2,0
./cnn/stories/03183babd26c3c85d26e125708c90d6df8c77390.story,elaborate,0,1,3,0
./cnn/stories/03183babd26c3c85d26e125708c90d6df8c77390.story,elaborate,1,1,1,1
./cnn/stories/03183babd26c3c85d26e125708c90d6df8c77390.story,elaborate,2,3,1,0
./cnn/stories/03183babd26c3c85d26e125708c90d6df8c77390.story,paraphrase,0,1,3,0
./cnn/stories/03183babd26c3c85d26e125708c90d6df8c77390.story,paraphrase,1,1,1,1
./cnn/stories/03183babd26c3c85d26e125708c90d6df8c77390.story,shorten,1,1,1,1
./cnn/stories/03183babd26c3c85d26e125708c90d6df8c77390.story,shorten,2,3,1,0
./cnn/stories/0a421106fb10078b00663df3e88c5ee6f0437a66.story,elaborate,2,2,1,1
./cnn/stories/0a6c7cbe5aa6c6de9c9e6ab14adc105da4937e9d.story,elaborate,0,1,1,1
./cnn/stories/0a6c7cbe5aa6c6de9c9e6ab14adc105da4937e9d.story,elaborate,1,3,1,0
./cnn/stories/0a6c7cbe5aa6c6de9c9e6ab14adc105da4937e9d.story,formality,0,2,1,1
./cnn/stories/0a6c7cbe5aa6c6de9c9e6ab14adc105da4937e9d.story,formality,1,3,1,0
./cnn/stories/0a6c7cbe5aa6c6de9c9e6ab14adc105da4937e9d.story,paraphrase,1,1,1,1
./cnn/stories/0a6c7cbe5aa6c6de9c9e6ab14adc105da4937e9d.story,paraphrase,2,1,1,1
./cnn/stories/0a6c7cbe5aa6c6de9c9e6ab14adc105da4937e9d.story,shorten,0,2,2,0
./cnn/stories/0a6c7cbe5aa6c6de9c9e6ab14adc105da4937e9d.story,shorten,2,1,3,0
./cnn/stories/0a7f6926e4e554149fcf99d81b4839d99c05c2ef.story,elaborate,0,2,1,1
./cnn/stories/0a7f6926e4e554149fcf99d81b4839d99c05c2ef.story,elaborate,1,3,1,0
./cnn/stories/0a7f6926e4e554149fcf99d81b4839d99c05c2ef.story,elaborate,2,2,1,1
./cnn/stories/0a7f6926e4e554149fcf99d81b4839d99c05c2ef.story,formality,0,1,2,1
./cnn/stories/0a7f6926e4e554149fcf99d81b4839d99c05c2ef.story,formality,1,1,2,1
./cnn/stories/0a7f6926e4e554149fcf99d81b4839d99c05c2ef.story,paraphrase,0,2,2,0
./cnn/stories/0a7f6926e4e554149fcf99d81b4839d99c05c2ef.story,paraphrase,1,1,1,1
./cnn/stories/0a7f6926e4e554149fcf99d81b4839d99c05c2ef.story,paraphrase,2,1,3,0
./cnn/stories/0a7f6926e4e554149fcf99d81b4839d99c05c2ef.story,shorten,1,1,1,1
./cnn/stories/137c5c29cca8405f8893056d739814ec2afb66bf.story,formality,0,1,2,1
./cnn/stories/137c5c29cca8405f8893056d739814ec2afb66bf.story,paraphrase,0,1,1,1
./cnn/stories/137c5c29cca8405f8893056d739814ec2afb66bf.story,paraphrase,1,1,1,1
./cnn/stories/137c5c29cca8405f8893056d739814ec2afb66bf.story,shorten,1,3,1,0
./cnn/stories/148413cea62e91556d19e4bc9bd22a6ab10876e8.story,formality,2,1,1,1
./cnn/stories/148413cea62e91556d19e4bc9bd22a6ab10876e8.story,shorten,0,2,2,0
./cnn/stories/1486bf735a2b6259aa2c511985d1235865281f41.story,elaborate,0,2,2,0
./cnn/stories/1486bf735a2b6259aa2c511985d1235865281f41.story,elaborate,1,1,3,0
./cnn/stories/1486bf735a2b6259aa2c511985d1235865281f41.story,elaborate,2,2,2,0
./cnn/stories/1486bf735a2b6259aa2c511985d1235865281f41.story,formality,0,1,3,0
./cnn/stories/1486bf735a2b6259aa2c511985d1235865281f41.story,formality,1,2,2,0
./cnn/stories/1486bf735a2b6259aa2c511985d1235865281f41.story,formality,2,2,2,0
./cnn/stories/1486bf735a2b6259aa2c511985d1235865281f41.story,paraphrase,0,1,3,0
./cnn/stories/1486bf735a2b6259aa2c511985d1235865281f41.story,paraphrase,1,1,3,0
./cnn/stories/1486bf735a2b6259aa2c511985d1235865281f41.story,paraphrase,2,1,3,0
./cnn/stories/1486bf735a2b6259aa2c511985d1235865281f41.story,shorten,0,1,3,0
./cnn/stories/1486bf735a2b6259aa2c511985d1235865281f41.story,shorten,1,3,1,0
./cnn/stories/1b5174e9a4a2c77cb677d87ebcc8a3098ddc608a.story,elaborate,0,1,3,0
./cnn/stories/1b5174e9a4a2c77cb677d87ebcc8a3098ddc608a.story,elaborate,1,1,3,0
./cnn/stories/1b5174e9a4a2c77cb677d87ebcc8a3098ddc608a.story,elaborate,2,1,3,0
./cnn/stories/1b5174e9a4a2c77cb677d87ebcc8a3098ddc608a.story,formality,0,1,3,0
./cnn/stories/1b5174e9a4a2c77cb677d87ebcc8a3098ddc608a.story,formality,1,1,3,0
./cnn/stories/1b5174e9a4a2c77cb677d87ebcc8a3098ddc608a.story,formality,2,1,3,0
./cnn/stories/1b5174e9a4a2c77cb677d87ebcc8a3098ddc608a.story,paraphrase,0,1,3,0
./cnn/stories/1b5174e9a4a2c77cb677d87ebcc8a3098ddc608a.story,paraphrase,1,1,3,0
./cnn/stories/1b5174e9a4a2c77cb677d87ebcc8a3098ddc608a.story,paraphrase,2,1,2,1
./cnn/stories/1b5174e9a4a2c77cb677d87ebcc8a3098ddc608a.story,shorten,0,1,3,0
./cnn/stories/1b5174e9a4a2c77cb677d87ebcc8a3098ddc608a.story,shorten,1,1,3,0
./cnn/stories/1b5174e9a4a2c77cb677d87ebcc8a3098ddc608a.story,shorten,2,1,3,0
./cnn/stories/207224ddaeb57ae77f91cd645f70a1a67485ff53.story,elaborate,0,1,3,0
./cnn/stories/207224ddaeb57ae77f91cd645f70a1a67485ff53.story,elaborate,2,1,3,0
./cnn/stories/207224ddaeb57ae77f91cd645f70a1a67485ff53.story,formality,0,1,3,0
./cnn/stories/207224ddaeb57ae77f91cd645f70a1a67485ff53.story,formality,1,1,3,0
./cnn/stories/207224ddaeb57ae77f91cd645f70a1a67485ff53.story,formality,2,1,3,0
./cnn/stories/207224ddaeb57ae77f91cd645f70a1a67485ff53.story,paraphrase,0,1,3,0
./cnn/stories/207224ddaeb57ae77f91cd645f70a1a67485ff53.story,paraphrase,1,1,3,0
./cnn/stories/207224ddaeb57ae77f91cd645f70a1a67485ff53.story,paraphrase,2,1,3,0
./cnn/stories/207224ddaeb57ae77f91cd645f70a1a67485ff53.story,shorten,0,1,3,0
./cnn/stories/207224ddaeb57ae77f91cd645f70a1a67485ff53.story,shorten,1,1,3,0
./cnn/stories/207224ddaeb57ae77f91cd645f70a1a67485ff53.story,shorten,2,1,3,0
./cnn/stories/25e6c5901ffbaed729fb8a40f1511d9770b38691.story,elaborate,0,1,3,0
./cnn/stories/25e6c5901ffbaed729fb8a40f1511d9770b38691.story,elaborate,1,1,1,1
./cnn/stories/25e6c5901ffbaed729fb8a40f1511d9770b38691.story,formality,0,1,3,0
./cnn/stories/25e6c5901ffbaed729fb8a40f1511d9770b38691.story,formality,1,1,3,0
./cnn/stories/25e6c5901ffbaed729fb8a40f1511d9770b38691.story,formality,2,1,3,0
./cnn/stories/25e6c5901ffbaed729fb8a40f1511d9770b38691.story,paraphrase,0,1,3,0
./cnn/stories/25e6c5901ffbaed729fb8a40f1511d9770b38691.story,paraphrase,1,1,3,0
./cnn/stories/25e6c5901ffbaed729fb8a40f1511d9770b38691.story,paraphrase,2,1,3,0
./cnn/stories/25e6c5901ffbaed729fb8a40f1511d9770b38691.story,shorten,0,1,3,0
./cnn/stories/25e6c5901ffbaed729fb8a40f1511d9770b38691.story,shorten,1,1,3,0
./cnn/stories/25e6c5901ffbaed729fb8a40f1511d9770b38691.story,shorten,2,1,3,0
./cnn/stories/280c6cd98b93cfbfcedd1d8961432f5ed819d334.story,elaborate,0,1,1,1
./cnn/stories/280c6cd98b93cfbfcedd1d8961432f5ed819d334.story,elaborate,1,1,3,0
./cnn/stories/280c6cd98b93cfbfcedd1d8961432f5ed819d334.story,elaborate,2,1,1,1
./cnn/stories/280c6cd98b93cfbfcedd1d8961432f5ed819d334.story,formality,1,2,1,1
./cnn/stories/280c6cd98b93cfbfcedd1d8961432f5ed819d334.story,paraphrase,1,1,1,1
./cnn/stories/280c6cd98b93cfbfcedd1d8961432f5ed819d334.story,paraphrase,2,3,1,0
./cnn/stories/2e375608e5d19dae176bd9203c6120997ac6c167.story,paraphrase,1,1,1,1
./cnn/stories/39088d700fcb5cd7d4763809578ed8a9c0267132.story,elaborate,0,1,2,1
./cnn/stories/39088d700fcb5cd7d4763809578ed8a9c0267132.story,elaborate,2,1,3,0
./cnn/stories/39088d700fcb5cd7d4763809578ed8a9c0267132.story,formality,1,1,1,1
./cnn/stories/39088d700fcb5cd7d4763809578ed8a9c0267132.story,paraphrase,0,1,1,1
./cnn/stories/39088d700fcb5cd7d4763809578ed8a9c0267132.story,paraphrase,1,1,1,1
./cnn/stories/39088d700fcb5cd7d4763809578ed8a9c0267132.story,shorten,0,1,3,0
./cnn/stories/4c4b37d29f2eeefef8b626dd9d6c7cf73c8a0280.story,elaborate,0,1,1,1
./cnn/stories/4c4b37d29f2eeefef8b626dd9d6c7cf73c8a0280.story,elaborate,1,1,3,0
./cnn/stories/4c4b37d29f2eeefef8b626dd9d6c7cf73c8a0280.story,formality,0,1,3,0
./cnn/stories/4c4b37d29f2eeefef8b626dd9d6c7cf73c8a0280.story,formality,1,1,3,0
./cnn/stories/4c4b37d29f2eeefef8b626dd9d6c7cf73c8a0280.story,formality,2,1,3,0
./cnn/stories/4c4b37d29f2eeefef8b626dd9d6c7cf73c8a0280.story,paraphrase,1,1,3,0
./cnn/stories/4c4b37d29f2eeefef8b626dd9d6c7cf73c8a0280.story,paraphrase,2,1,3,0
./cnn/stories/4c4b37d29f2eeefef8b626dd9d6c7cf73c8a0280.story,shorten,1,1,3,0
./cnn/stories/4c4b37d29f2eeefef8b626dd9d6c7cf73c8a0280.story,shorten,2,1,3,0
./cnn/stories/562a96b7a77931e60f0a96ee004c4314734326a3.story,elaborate,0,1,3,0
./cnn/stories/562a96b7a77931e60f0a96ee004c4314734326a3.story,elaborate,1,1,3,0
./cnn/stories/562a96b7a77931e60f0a96ee004c4314734326a3.story,elaborate,2,1,3,0
./cnn/stories/562a96b7a77931e60f0a96ee004c4314734326a3.story,formality,0,1,3,0
./cnn/stories/562a96b7a77931e60f0a96ee004c4314734326a3.story,formality,1,1,3,0
./cnn/stories/562a96b7a77931e60f0a96ee004c4314734326a3.story,formality,2,1,3,0
./cnn/stories/562a96b7a77931e60f0a96ee004c4314734326a3.story,paraphrase,0,1,3,0
./cnn/stories/562a96b7a77931e60f0a96ee004c4314734326a3.story,paraphrase,1,1,3,0
./cnn/stories/562a96b7a77931e60f0a96ee004c4314734326a3.story,paraphrase,2,1,3,0
./cnn/stories/562a96b7a77931e60f0a96ee004c4314734326a3.story,shorten,2,1,3,0
./cnn/stories/5852e143b34cc30e94aed29193fc2e1dce37b1b1.story,paraphrase,1,1,1,1
./cnn/stories/5a1090b00f7f66194f3b088e4d39bd410721a063.story,elaborate,0,1,2,1
./cnn/stories/5a1090b00f7f66194f3b088e4d39bd410721a063.story,elaborate,1,1,3,0
./cnn/stories/5a1090b00f7f66194f3b088e4d39bd410721a063.story,elaborate,2,1,3,0
./cnn/stories/5a1090b00f7f66194f3b088e4d39bd410721a063.story,paraphrase,0,3,1,0
./cnn/stories/5a1090b00f7f66194f3b088e4d39bd410721a063.story,paraphrase,1,2,2,0
./cnn/stories/5a1090b00f7f66194f3b088e4d39bd410721a063.story,paraphrase,2,1,1,1
./cnn/stories/5cf8443a13c37fe532b919082c70ec1f3dfdafff.story,paraphrase,1,1,3,0
./cnn/stories/5daa60b042064cbf85c889785daf8b4ceb3c3ec3.story,formality,0,1,3,0
./cnn/stories/5f83b5592ea2c43ac9857f6a21ed2d1d8be25f8c.story,elaborate,0,1,1,1
./cnn/stories/5f83b5592ea2c43ac9857f6a21ed2d1d8be25f8c.story,elaborate,2,1,1,1
./cnn/stories/5f83b5592ea2c43ac9857f6a21ed2d1d8be25f8c.story,formality,2,1,1,1
./cnn/stories/5f83b5592ea2c43ac9857f6a21ed2d1d8be25f8c.story,paraphrase,1,1,1,1
./cnn/stories/5f83b5592ea2c43ac9857f6a21ed2d1d8be25f8c.story,paraphrase,2,1,1,1
./cnn/stories/5f83b5592ea2c43ac9857f6a21ed2d1d8be25f8c.story,shorten,0,1,3,0
./cnn/stories/5f83b5592ea2c43ac9857f6a21ed2d1d8be25f8c.story,shorten,1,1,3,0
./cnn/stories/5f83b5592ea2c43ac9857f6a21ed2d1d8be25f8c.story,shorten,2,1,3,0
./cnn/stories/63f60ddf050d9f97a492c601b2dd1a23072a01f9.story,elaborate,0,1,3,0
./cnn/stories/63f60ddf050d9f97a492c601b2dd1a23072a01f9.story,elaborate,1,1,3,0
./cnn/stories/63f60ddf050d9f97a492c601b2dd1a23072a01f9.story,elaborate,2,1,3,0
./cnn/stories/63f60ddf050d9f97a492c601b2dd1a23072a01f9.story,formality,0,1,3,0
./cnn/stories/63f60ddf050d9f97a492c601b2dd1a23072a01f9.story,formality,1,1,3,0
./cnn/stories/63f60ddf050d9f97a492c601b2dd1a23072a01f9.story,formality,2,1,3,0
./cnn/stories/63f60ddf050d9f97a492c601b2dd1a23072a01f9.story,paraphrase,0,1,3,0
./cnn/stories/63f60ddf050d9f97a492c601b2dd1a23072a01f9.story,paraphrase,2,1,3,0
./cnn/stories/63f60ddf050d9f97a492c601b2dd1a23072a01f9.story,shorten,1,1,3,0
./cnn/stories/63f60ddf050d9f97a492c601b2dd1a23072a01f9.story,shorten,2,1,3,0
./cnn/stories/6796fd980df9880d76a6a5c73a2438124da56a45.story,formality,2,1,1,1
./cnn/stories/72f0c366e1f31b292d8fb0e9d8b9b1291955ce59.story,elaborate,0,1,3,0
./cnn/stories/72f0c366e1f31b292d8fb0e9d8b9b1291955ce59.story,elaborate,1,1,3,0
./cnn/stories/72f0c366e1f31b292d8fb0e9d8b9b1291955ce59.story,elaborate,2,1,3,0
./cnn/stories/72f0c366e1f31b292d8fb0e9d8b9b1291955ce59.story,formality,0,1,3,0
./cnn/stories/72f0c366e1f31b292d8fb0e9d8b9b1291955ce59.story,formality,1,1,3,0
./cnn/stories/72f0c366e1f31b292d8fb0e9d8b9b1291955ce59.story,formality,2,1,3,0
./cnn/stories/72f0c366e1f31b292d8fb0e9d8b9b1291955ce59.story,paraphrase,0,1,3,0
./cnn/stories/72f0c366e1f31b292d8fb0e9d8b9b1291955ce59.story,paraphrase,1,1,3,0
./cnn/stories/72f0c366e1f31b292d8fb0e9d8b9b1291955ce59.story,paraphrase,2,1,3,0
./cnn/stories/72f0c366e1f31b292d8fb0e9d8b9b1291955ce59.story,shorten,0,1,2,1
./cnn/stories/72f0c366e1f31b292d8fb0e9d8b9b1291955ce59.story,shorten,1,1,3,0
./cnn/stories/72f0c366e1f31b292d8fb0e9d8b9b1291955ce59.story,shorten,2,1,3,0
./cnn/stories/73cb3690e5352c1c47c96ee1b2086692c4915a7c.story,elaborate,0,3,1,0
./cnn/stories/73cb3690e5352c1c47c96ee1b2086692c4915a7c.story,elaborate,1,1,1,1
./cnn/stories/73cb3690e5352c1c47c96ee1b2086692c4915a7c.story,elaborate,2,1,3,0
./cnn/stories/73cb3690e5352c1c47c96ee1b2086692c4915a7c.story,formality,0,1,1,1
./cnn/stories/73cb3690e5352c1c47c96ee1b2086692c4915a7c.story,paraphrase,1,1,3,0
./cnn/stories/73cb3690e5352c1c47c96ee1b2086692c4915a7c.story,paraphrase,2,1,2,1
./cnn/stories/73cb3690e5352c1c47c96ee1b2086692c4915a7c.story,shorten,1,1,3,0
./cnn/stories/73cb3690e5352c1c47c96ee1b2086692c4915a7c.story,shorten,2,1,2,1
./cnn/stories/755c8b39393f5a39bd32253ceda74f2af8186ad0.story,formality,2,1,1,1
./cnn/stories/755c8b39393f5a39bd32253ceda74f2af8186ad0.story,paraphrase,1,2,2,0
./cnn/stories/7843646a31a1ca87834dc4c72a092bf6c693baff.story,elaborate,0,1,3,0
./cnn/stories/7843646a31a1ca87834dc4c72a092bf6c693baff.story,elaborate,1,1,3,0
./cnn/stories/7843646a31a1ca87834dc4c72a092bf6c693baff.story,elaborate,2,1,3,0
./cnn/stories/7843646a31a1ca87834dc4c72a092bf6c693baff.story,formality,0,1,3,0
./cnn/stories/7843646a31a1ca87834dc4c72a092bf6c693baff.story,formality,1,1,1,1
./cnn/stories/7843646a31a1ca87834dc4c72a092bf6c693baff.story,formality,2,1,3,0
./cnn/stories/7843646a31a1ca87834dc4c72a092bf6c693baff.story,paraphrase,0,1,3,0
./cnn/stories/7843646a31a1ca87834dc4c72a092bf6c693baff.story,paraphrase,1,1,3,0
./cnn/stories/7843646a31a1ca87834dc4c72a092bf6c693baff.story,paraphrase,2,1,3,0
./cnn/stories/7843646a31a1ca87834dc4c72a092bf6c693baff.story,shorten,0,2,2,0
./cnn/stories/7843646a31a1ca87834dc4c72a092bf6c693baff.story,shorten,1,1,3,0
./cnn/stories/7843646a31a1ca87834dc4c72a092bf6c693baff.story,shorten,2,1,3,0
./cnn/stories/7dc9cfe7708586e113394efe071db956490f4966.story,elaborate,0,1,3,0
./cnn/stories/7dc9cfe7708586e113394efe071db956490f4966.story,elaborate,1,1,3,0
./cnn/stories/7dc9cfe7708586e113394efe071db956490f4966.story,elaborate,2,1,3,0
./cnn/stories/7dc9cfe7708586e113394efe071db956490f4966.story,formality,0,1,3,0
./cnn/stories/7dc9cfe7708586e113394efe071db956490f4966.story,formality,1,1,3,0
./cnn/stories/7dc9cfe7708586e113394efe071db956490f4966.story,formality,2,1,3,0
./cnn/stories/7dc9cfe7708586e113394efe071db956490f4966.story,paraphrase,0,1,3,0
./cnn/stories/7dc9cfe7708586e113394efe071db956490f4966.story,paraphrase,1,1,3,0
./cnn/stories/7dc9cfe7708586e113394efe071db956490f4966.story,paraphrase,2,1,1,1
./cnn/stories/7dc9cfe7708586e113394efe071db956490f4966.story,shorten,1,1,1,1
./cnn/stories/7dc9cfe7708586e113394efe071db956490f4966.story,shorten,2,1,3,0
./cnn/stories/86adf9d9437db54b725934d30fea1d9997fd2138.story,elaborate,0,1,3,0
./cnn/stories/86adf9d9437db54b725934d30fea1d9997fd2138.story,elaborate,1,1,2,1
./cnn/stories/86adf9d9437db54b725934d30fea1d9997fd2138.story,elaborate,2,1,3,0
./cnn/stories/86adf9d9437db54b725934d30fea1d9997fd2138.story,formality,1,1,3,0
./cnn/stories/86adf9d9437db54b725934d30fea1d9997fd2138.story,formality,2,1,3,0
./cnn/stories/86adf9d9437db54b725934d30fea1d9997fd2138.story,paraphrase,0,1,3,0
./cnn/stories/86adf9d9437db54b725934d30fea1d9997fd2138.story,paraphrase,2,1,1,1
./cnn/stories/86adf9d9437db54b725934d30fea1d9997fd2138.story,shorten,0,1,1,1
./cnn/stories/86adf9d9437db54b725934d30fea1d9997fd2138.story,shorten,1,1,3,0
./cnn/stories/8bc3e81e5bacfc0baef15842b45764e30e88d000.story,elaborate,2,1,3,0
./cnn/stories/8bc3e81e5bacfc0baef15842b45764e30e88d000.story,formality,1,3,1,0
./cnn/stories/8bc3e81e5bacfc0baef15842b45764e30e88d000.story,paraphrase,2,3,1,0
./cnn/stories/8bc3e81e5bacfc0baef15842b45764e30e88d000.story,shorten,0,1,3,0
./cnn/stories/8bc3e81e5bacfc0baef15842b45764e30e88d000.story,shorten,1,1,3,0
./cnn/stories/8bc3e81e5bacfc0baef15842b45764e30e88d000.story,shorten,2,1,3,0
./cnn/stories/9a581fde5f136d02602abee1eb4c0c52924b7a99.story,formality,0,1,3,0
./cnn/stories/9a581fde5f136d02602abee1eb4c0c52924b7a99.story,formality,1,1,3,0
./cnn/stories/9a581fde5f136d02602abee1eb4c0c52924b7a99.story,formality,2,1,3,0
./cnn/stories/9a581fde5f136d02602abee1eb4c0c52924b7a99.story,paraphrase,0,1,3,0
./cnn/stories/9a581fde5f136d02602abee1eb4c0c52924b7a99.story,paraphrase,1,1,3,0
./cnn/stories/9a581fde5f136d02602abee1eb4c0c52924b7a99.story,paraphrase,2,1,2,1
./cnn/stories/9a581fde5f136d02602abee1eb4c0c52924b7a99.story,shorten,0,1,1,1
./cnn/stories/9a581fde5f136d02602abee1eb4c0c52924b7a99.story,shorten,2,1,1,1
./cnn/stories/a175918a73063a9f515ea29e512917497335e817.story,elaborate,0,1,1,1
./cnn/stories/a1c31aa7ad8a494c513ef78063bd9c3834e8fc41.story,elaborate,0,1,3,0
./cnn/stories/a1c31aa7ad8a494c513ef78063bd9c3834e8fc41.story,elaborate,1,1,3,0
./cnn/stories/a1c31aa7ad8a494c513ef78063bd9c3834e8fc41.story,elaborate,2,1,3,0
./cnn/stories/a1c31aa7ad8a494c513ef78063bd9c3834e8fc41.story,formality,0,1,3,0
./cnn/stories/a1c31aa7ad8a494c513ef78063bd9c3834e8fc41.story,formality,1,1,3,0
./cnn/stories/a1c31aa7ad8a494c513ef78063bd9c3834e8fc41.story,formality,2,1,3,0
./cnn/stories/a1c31aa7ad8a494c513ef78063bd9c3834e8fc41.story,paraphrase,0,1,2,1
./cnn/stories/a1c31aa7ad8a494c513ef78063bd9c3834e8fc41.story,paraphrase,1,1,3,0
./cnn/stories/a1c31aa7ad8a494c513ef78063bd9c3834e8fc41.story,paraphrase,2,1,3,0
./cnn/stories/a1c31aa7ad8a494c513ef78063bd9c3834e8fc41.story,shorten,0,1,3,0
./cnn/stories/a1c31aa7ad8a494c513ef78063bd9c3834e8fc41.story,shorten,1,1,3,0
./cnn/stories/a1c31aa7ad8a494c513ef78063bd9c3834e8fc41.story,shorten,2,1,3,0
./cnn/stories/abebde7e04ba6280371812bffd3f698a8f4de125.story,elaborate,0,2,2,0
./cnn/stories/abebde7e04ba6280371812bffd3f698a8f4de125.story,elaborate,2,1,1,1
./cnn/stories/abebde7e04ba6280371812bffd3f698a8f4de125.story,formality,0,1,2,1
./cnn/stories/abebde7e04ba6280371812bffd3f698a8f4de125.story,formality,1,1,1,1
./cnn/stories/abebde7e04ba6280371812bffd3f698a8f4de125.story,formality,2,3,1,0
./cnn/stories/abebde7e04ba6280371812bffd3f698a8f4de125.story,paraphrase,2,1,3,0
./cnn/stories/abebde7e04ba6280371812bffd3f698a8f4de125.story,shorten,1,1,1,1
./cnn/stories/b0036f56a07b266a1759bf500f52376eb606f696.story,elaborate,0,1,3,0
./cnn/stories/b0036f56a07b266a1759bf500f52376eb606f696.story,elaborate,1,1,3,0
./cnn/stories/b0036f56a07b266a1759bf500f52376eb606f696.story,elaborate,2,1,3,0
./cnn/stories/b0036f56a07b266a1759bf500f52376eb606f696.story,formality,0,1,3,0
./cnn/stories/b0036f56a07b266a1759bf500f52376eb606f696.story,formality,1,1,3,0
./cnn/stories/b0036f56a07b266a1759bf500f52376eb606f696.story,formality,2,1,1,1
./cnn/stories/b0036f56a07b266a1759bf500f52376eb606f696.story,paraphrase,0,1,3,0
./cnn/stories/b0036f56a07b266a1759bf500f52376eb606f696.story,paraphrase,1,1,3,0
./cnn/stories/b0036f56a07b266a1759bf500f52376eb606f696.story,paraphrase,2,1,3,0
./cnn/stories/b0036f56a07b266a1759bf500f52376eb606f696.story,shorten,0,1,2,1
./cnn/stories/b0036f56a07b266a1759bf500f52376eb606f696.story,shorten,2,1,2,1
./cnn/stories/b311d3d123093547a9aefcd48485e07d2d494bec.story,elaborate,1,1,3,0
./cnn/stories/b311d3d123093547a9aefcd48485e07d2d494bec.story,elaborate,2,1,3,0
./cnn/stories/b311d3d123093547a9aefcd48485e07d2d494bec.story,formality,0,3,1,0
./cnn/stories/b311d3d123093547a9aefcd48485e07d2d494bec.story,formality,1,3,1,0
./cnn/stories/b311d3d123093547a9aefcd48485e07d2d494bec.story,formality,2,1,1,1
./cnn/stories/b311d3d123093547a9aefcd48485e07d2d494bec.story,paraphrase,0,1,3,0
./cnn/stories/b311d3d123093547a9aefcd48485e07d2d494bec.story,paraphrase,1,3,1,0
./cnn/stories/b311d3d123093547a9aefcd48485e07d2d494bec.story,paraphrase,2,3,1,0
./cnn/stories/b311d3d123093547a9aefcd48485e07d2d494bec.story,shorten,0,1,3,0
./cnn/stories/b311d3d123093547a9aefcd48485e07d2d494bec.story,shorten,1,1,3,0
./cnn/stories/b311d3d123093547a9aefcd48485e07d2d494bec.story,shorten,2,1,3,0
./cnn/stories/bc8f85297fa51310468d8f3990e0f4bb07176ce8.story,elaborate,0,1,3,0
./cnn/stories/bc8f85297fa51310468d8f3990e0f4bb07176ce8.story,elaborate,1,1,3,0
./cnn/stories/bc8f85297fa51310468d8f3990e0f4bb07176ce8.story,elaborate,2,1,3,0
./cnn/stories/bc8f85297fa51310468d8f3990e0f4bb07176ce8.story,formality,0,2,1,1
./cnn/stories/bc8f85297fa51310468d8f3990e0f4bb07176ce8.story,formality,2,2,2,0
./cnn/stories/bc8f85297fa51310468d8f3990e0f4bb07176ce8.story,paraphrase,0,3,1,0
./cnn/stories/bc8f85297fa51310468d8f3990e0f4bb07176ce8.story,paraphrase,1,1,1,1
./cnn/stories/bc8f85297fa51310468d8f3990e0f4bb07176ce8.story,paraphrase,2,3,1,0
./cnn/stories/bc8f85297fa51310468d8f3990e0f4bb07176ce8.story,shorten,1,2,2,0
./cnn/stories/bc8f85297fa51310468d8f3990e0f4bb07176ce8.story,shorten,2,1,2,1
./cnn/stories/bebd46ad5d9b194bf2462b3903c94c0600d946c8.story,elaborate,0,1,3,0
./cnn/stories/bebd46ad5d9b194bf2462b3903c94c0600d946c8.story,elaborate,1,1,3,0
./cnn/stories/bebd46ad5d9b194bf2462b3903c94c0600d946c8.story,elaborate,2,1,3,0
./cnn/stories/bebd46ad5d9b194bf2462b3903c94c0600d946c8.story,formality,0,1,3,0
./cnn/stories/bebd46ad5d9b194bf2462b3903c94c0600d946c8.story,formality,1,1,2,1
./cnn/stories/bebd46ad5d9b194bf2462b3903c94c0600d946c8.story,formality,2,1,3,0
./cnn/stories/bebd46ad5d9b194bf2462b3903c94c0600d946c8.story,paraphrase,0,1,2,1
./cnn/stories/bebd46ad5d9b194bf2462b3903c94c0600d946c8.story,paraphrase,1,1,1,1
./cnn/stories/bebd46ad5d9b194bf2462b3903c94c0600d946c8.story,paraphrase,2,1,3,0
./cnn/stories/bebd46ad5d9b194bf2462b3903c94c0600d946c8.story,shorten,0,1,3,0
./cnn/stories/bebd46ad5d9b194bf2462b3903c94c0600d946c8.story,shorten,1,1,3,0
./cnn/stories/c601114f55cf470a012afece9ed26518ea695fe4.story,formality,0,1,1,1
./cnn/stories/c601114f55cf470a012afece9ed26518ea695fe4.story,paraphrase,2,1,3,0
./cnn/stories/c601114f55cf470a012afece9ed26518ea695fe4.story,shorten,0,1,3,0
./cnn/stories/c601114f55cf470a012afece9ed26518ea695fe4.story,shorten,1,3,1,0
./cnn/stories/cc420f3c4c9b3d1385f1e8a3d4049a67a518d3eb.story,elaborate,0,1,3,0
./cnn/stories/cc420f3c4c9b3d1385f1e8a3d4049a67a518d3eb.story,elaborate,1,1,3,0
./cnn/stories/cc420f3c4c9b3d1385f1e8a3d4049a67a518d3eb.story,elaborate,2,1,3,0
./cnn/stories/cc420f3c4c9b3d1385f1e8a3d4049a67a518d3eb.story,formality,0,2,2,0
./cnn/stories/cc420f3c4c9b3d1385f1e8a3d4049a67a518d3eb.story,formality,1,1,3,0
./cnn/stories/cc420f3c4c9b3d1385f1e8a3d4049a67a518d3eb.story,formality,2,1,3,0
./cnn/stories/cc420f3c4c9b3d1385f1e8a3d4049a67a518d3eb.story,paraphrase,0,2,2,0
./cnn/stories/cc420f3c4c9b3d1385f1e8a3d4049a67a518d3eb.story,paraphrase,1,1,3,0
./cnn/stories/cc420f3c4c9b3d1385f1e8a3d4049a67a518d3eb.story,paraphrase,2,2,2,0
./cnn/stories/cc420f3c4c9b3d1385f1e8a3d4049a67a518d3eb.story,shorten,0,2,1,1
./cnn/stories/cc420f3c4c9b3d1385f1e8a3d4049a67a518d3eb.story,shorten,1,2,2,0
./cnn/stories/cc420f3c4c9b3d1385f1e8a3d4049a67a518d3eb.story,shorten,2,1,2,1
./cnn/stories/d0fa8b17b57dd9628bea6c74b89d389b653a3612.story,paraphrase,1,2,2,0
./cnn/stories/dd0c91321b10ce166b82bc566994556b334c9f19.story,elaborate,0,2,1,1
./cnn/stories/dddcf4ea66a65993902f9a63b3e294dc1db04d45.story,elaborate,0,2,2,0
./cnn/stories/dddcf4ea66a65993902f9a63b3e294dc1db04d45.story,paraphrase,0,2,1,1
./cnn/stories/dddcf4ea66a65993902f9a63b3e294dc1db04d45.story,paraphrase,1,3,1,0
./cnn/stories/dddcf4ea66a65993902f9a63b3e294dc1db04d45.story,paraphrase,2,1,1,1
./cnn/stories/e57030df902c8e2413762b34c13ce023057759ff.story,elaborate,1,1,2,1
./cnn/stories/e57030df902c8e2413762b34c13ce023057759ff.story,elaborate,2,1,3,0
./cnn/stories/e57030df902c8e2413762b34c13ce023057759ff.story,formality,1,1,2,1
./cnn/stories/e57030df902c8e2413762b34c13ce023057759ff.story,formality,2,1,2,1
./cnn/stories/e57030df902c8e2413762b34c13ce023057759ff.story,paraphrase,1,1,2,1
./cnn/stories/e57030df902c8e2413762b34c13ce023057759ff.story,shorten,0,1,3,0
./cnn/stories/e57030df902c8e2413762b34c13ce023057759ff.story,shorten,1,1,3,0
./cnn/stories/e6e18ab37963a8c075a503055061a3ca6745abdc.story,elaborate,2,1,1,1
./cnn/stories/e6e18ab37963a8c075a503055061a3ca6745abdc.story,paraphrase,0,2,1,1
./cnn/stories/e72908e7399b7b7482f8d199ec838b46ea7775cb.story,elaborate,0,1,1,1
./cnn/stories/e72908e7399b7b7482f8d199ec838b46ea7775cb.story,elaborate,1,1,1,1
./cnn/stories/e72908e7399b7b7482f8d199ec838b46ea7775cb.story,paraphrase,0,1,3,0
./cnn/stories/e72908e7399b7b7482f8d199ec838b46ea7775cb.story,paraphrase,1,1,1,1
./cnn/stories/e72908e7399b7b7482f8d199ec838b46ea7775cb.story,paraphrase,2,1,1,1
./cnn/stories/e72908e7399b7b7482f8d199ec838b46ea7775cb.story,shorten,0,1,3,0
./cnn/stories/e72908e7399b7b7482f8d199ec838b46ea7775cb.story,shorten,1,1,3,0
./cnn/stories/e72908e7399b7b7482f8d199ec838b46ea7775cb.story,shorten,2,1,2,1
./cnn/stories/e86db210f7eadc6e4ee876bfdbe2b7920284ad83.story,elaborate,2,1,3,0
./cnn/stories/eb36fc1a10215db3b049a6b1de5ca225cda64992.story,elaborate,0,1,3,0
./cnn/stories/eb36fc1a10215db3b049a6b1de5ca225cda64992.story,elaborate,1,1,3,0
./cnn/stories/eb36fc1a10215db3b049a6b1de5ca225cda64992.story,elaborate,2,2,2,0
./cnn/stories/eb36fc1a10215db3b049a6b1de5ca225cda64992.story,formality,0,1,3,0
./cnn/stories/eb36fc1a10215db3b049a6b1de5ca225cda64992.story,formality,1,1,3,0
./cnn/stories/eb36fc1a10215db3b049a6b1de5ca225cda64992.story,formality,2,1,2,1
./cnn/stories/eb36fc1a10215db3b049a6b1de5ca225cda64992.story,paraphrase,0,2,2,0
./cnn/stories/eb36fc1a10215db3b049a6b1de5ca225cda64992.story,paraphrase,1,1,3,0
./cnn/stories/eb36fc1a10215db3b049a6b1de5ca225cda64992.story,paraphrase,2,1,1,1
./cnn/stories/eb36fc1a10215db3b049a6b1de5ca225cda64992.story,shorten,0,1,3,0
./cnn/stories/eb36fc1a10215db3b049a6b1de5ca225cda64992.story,shorten,1,2,2,0
./cnn/stories/eb36fc1a10215db3b049a6b1de5ca225cda64992.story,shorten,2,2,2,0
./cnn/stories/ecba4bd57a776abcb97795b4e4862daf2836d0c0.story,elaborate,1,3,1,0
./cnn/stories/ecba4bd57a776abcb97795b4e4862daf2836d0c0.story,elaborate,2,3,1,0
./cnn/stories/ed723854f13a94904622009218cb2baa11efd6a7.story,elaborate,1,1,1,1
./cnn/stories/ed723854f13a94904622009218cb2baa11efd6a7.story,paraphrase,0,1,1,1
./cnn/stories/f05838711d8ba0643a6cdc6fc9858a3e6381515c.story,formality,0,3,1,0
./cnn/stories/f1ed66fecd9f0bfd0d8aa3d0f1f32a86674f4589.story,paraphrase,0,1,1,1
./cnn/stories/f1ed66fecd9f0bfd0d8aa3d0f1f32a86674f4589.story,paraphrase,2,3,1,0
./cnn/stories/f1ed66fecd9f0bfd0d8aa3d0f1f32a86674f4589.story,shorten,0,1,1,1
./cnn/stories/f1ed66fecd9f0bfd0d8aa3d0f1f32a86674f4589.story,shorten,2,1,2,1
./cnn/stories/f3f934ef7f19642d44da7678c06a859f103363b1.story,elaborate,0,1,3,0
./cnn/stories/f3f934ef7f19642d44da7678c06a859f103363b1.story,elaborate,1,1,3,0
./cnn/stories/f3f934ef7f19642d44da7678c06a859f103363b1.story,elaborate,2,1,3,0
./cnn/stories/f3f934ef7f19642d44da7678c06a859f103363b1.story,formality,0,1,3,0
./cnn/stories/f3f934ef7f19642d44da7678c06a859f103363b1.story,formality,1,1,3,0
./cnn/stories/f3f934ef7f19642d44da7678c06a859f103363b1.story,formality,2,1,3,0
./cnn/stories/f3f934ef7f19642d44da7678c06a859f103363b1.story,paraphrase,0,1,3,0
./cnn/stories/f3f934ef7f19642d44da7678c06a859f103363b1.story,paraphrase,1,1,3,0
./cnn/stories/f3f934ef7f19642d44da7678c06a859f103363b1.story,paraphrase,2,2,2,0
./cnn/stories/f3f934ef7f19642d44da7678c06a859f103363b1.story,shorten,0,1,3,0
./cnn/stories/f3f934ef7f19642d44da7678c06a859f103363b1.story,shorten,1,1,3,0
./cnn/stories/f3f934ef7f19642d44da7678c06a859f103363b1.story,shorten,2,1,3,0
./cnn/stories/f5c70593825da66a07c3ddffdefe09b7321a1371.story,shorten,1,1,1,1
./cnn/stories/fd32589b6eec37be799b1e103b1cd01d7969ce0f.story,elaborate,0,1,3,0
./cnn/stories/fd32589b6eec37be799b1e103b1cd01d7969ce0f.story,elaborate,1,1,1,1
./cnn/stories/fd32589b6eec37be799b1e103b1cd01d7969ce0f.story,elaborate,2,1,3,0
./cnn/stories/fd32589b6eec37be799b1e103b1cd01d7969ce0f.story,formality,0,1,3,0
./cnn/stories/fd32589b6eec37be799b1e103b1cd01d7969ce0f.story,formality,1,1,3,0
./cnn/stories/fd32589b6eec37be799b1e103b1cd01d7969ce0f.story,formality,2,1,3,0
./cnn/stories/fd32589b6eec37be799b1e103b1cd01d7969ce0f.story,paraphrase,0,1,3,0
./cnn/stories/fd32589b6eec37be799b1e103b1cd01d7969ce0f.story,paraphrase,1,1,3,0
./cnn/stories/fd32589b6eec37be799b1e103b1cd01d7969ce0f.story,paraphrase,2,1,3,0
./cnn/stories/fd32589b6eec37be799b1e103b1cd01d7969ce0f.story,shorten,0,1,3,0
./cnn/stories/fd32589b6eec37be799b1e103b1cd01d7969ce0f.story,shorten,1,1,3,0
./cnn/stories/fd32589b6eec37be799b1e103b1cd01d7969ce0f.story,shorten,2,1,3,0
