qid,question,group,instruction_type,run,instruction_used,step,text,n_tokens
2hop__635544_110949,What is the date of birth of the person who was part of Ratata?,style,paraphrase,0,,0,"Shirley Abicair. Shirley Abicair was born in Melbourne, Victoria, Australia. Some sources show her year of birth as 1935, but a contemporary account shows she was 23 or 24 on arrival in Britain and, as she had completed tertiary studies in Australia, the earlier date seems more likely. She was the only daughter of a Wing Commander in the RAAF.

Anno Domini. This calendar era is based on the traditionally reckoned year of the conception or birth of Jesus of Nazareth, with AD counting years from the start of this epoch, and BC denoting years before the start of the era. There is no year zero in this scheme, so the year AD 1 immediately follows the year 1 BC. This dating system was devised in 525 by Dionysius Exiguus of Scythia Minor, but was not widely used until after 800.

Švitrigaila. Švitrigaila was born to Algirdas, Grand Duke of Lithuania, and his second wife Uliana of Tver. His date of birth is unknown, but it is believed that he was the youngest or second youngest son of Algirdas. He first appeared in politics in October 1382 when he witnessed the Treaty of Dubysa between his elder brother Jogaila and the Teutonic Knights. Historians believe that would indicate that at the time Švitrigaila was no younger than 12 which would put his date of birth sometime before 1370. In a complaint submitted to the Council of Florence, Švitrigaila claimed that he and Jogaila were favorite sons of Algirdas. Before his death in 1377, Algirdas transferred his throne to Jogaila but made him swear to make Švitrigaila his heir. Jogaila's representatives did not outright deny the arrangement and instead claimed that it had been modified by mutual agreement between the brothers.

Natural-born-citizen clause. The U.S. Constitution uses but does not define the phrase ``natural born Citizen '', and various opinions have been offered over time regarding its precise meaning. The consensus of early 21st - century constitutional scholars, together with relevant case law, is that natural - born citizens include, subject to exceptions, those born in the United States. Many scholars have also concluded that those who meet the legal requirements for U.S. citizenship`` at the moment of birth'', regardless of place of birth, are also natural - born citizens. Every president to date was either a citizen at the adoption of the Constitution in 1789 or was born in the United States; of these there have been seven that had at least one parent who was not born on U.S. soil.

Australia Day. The meaning and significance of Australia Day has evolved over time. Unofficially, or historically, the date has also been variously named ``Anniversary Day '',`` Foundation Day'', and ``ANA Day ''. 26 January 1788 marked the proclamation of British sovereignty over the eastern seaboard of Australia (then known as New Holland). Although it was not known as Australia Day until over a century later, records of celebrations on 26 January date back to 1808, with the first official celebration of the formation of New South Wales held in 1818. On New Year's Day 1901, the British colonies of Australia formed a federation, marking the birth of modern Australia. A national day of unity and celebration was looked for. It was not until 1935 that all Australian states and territories adopted use of the term`` Australia Day'' to mark the date, and not until 1994 that the date was consistently marked by a public holiday on that day by all states and territories.

Giovanni Cifolelli. Giovanni Cifolelli was an Italian mandolin virtuoso and dramatic composer whose date and place of birth are unknown. In 1764 he made his appearance in Paris as a mandolin virtuoso and was highly esteemed, both as a performer and teacher. He published his ""Method for the mandolin"" while residing in Paris, which met with great success throughout France, being the most popular of its period.

Maureen Payne. Maureen Payne (date of birth unknown, died 1997, South Africa) was a South Africa Test cricketer. She captained the side for their second series, played against New Zealand in 1971–72. She appeared in five Tests for South Africa, claiming eight wickets.

List of Dragon Ball Super episodes. Name Date Discs Episodes Part One July 25, 2017 01 -- 13 Part Two October 3, 2017 14 -- 26 Part Three February 20, 2018 27 -- 39

Streams of Expression. Streams of Expression is the 20th studio album by American jazz musician Joe Lovano to be released on the Blue Note label. It was released in 2006 and features a five-part ""Streams of Expression Suite,"" three-part ""Birth of the Cool Suite,"" and three other shorter works. The ""Birth of the Cool Suite"" was conducted by Gunther Schuller and utilizes melodic themes inspired by Miles Davis' work from his 1948 and 1950 nonet. The album also features George Garzone, Ralph Lalama, Gary Smulyan, and Tim Hagans.

Pir Syed Muhammad Binyamin Rizvi. Pir Syed Muhammad Binyamin Rizvi (Urdu: پیر سید محمد بنیامین رضوی)date of Birth 15 Aug 1959 date of Death 24 June 2004) was a Pakistani politician. He was the oldest son of Pir Syed Mohammad Yaqoob Shah (a famous spiritual and religious scholar, and member of provincial assembly who died on 31 August 1991). On 24 June 2004 he was brutally murdered in Lahore near his House. He is buried next to his father late Pir Syed Mohammad Yaqoob Shah in his home town Phalia.

La naissance d'Osiris. La naissance d'Osiris, ou La fête Pamilie (""The Birth of Osiris, or The Festival of Pamylia"") is a one-act opera by Jean-Philippe Rameau, first performed on 12 October 1754 at Fontainebleau to celebrate the birth of the future King Louis XVI. The libretto is by Rameau's frequent collaborator Louis de Cahusac. Cahusac styled the work a ""ballet allégorique"" (""allegorical ballet""), but it is usually categorised as an ""acte de ballet"". Its slender plot tells of Jupiter's announcement to a group of Egyptian shepherds of the birth of the god Osiris, who symbolises the baby prince. The piece may have started life as part of a larger work, ""Les beaux jours de l'Amour"", an ""opéra-ballet"" Rameau and Cahusac planned but never completed for reasons which are still uncertain.

Sue Ryder. Her birth and death certificates both put the date one year later, on 3 July 1924, as does a plaque unveiled in honour of Sue Ryder and Leonard Cheshire in Cavendish Church in Suffolk. At the beginning of the war, Ryder volunteered to the First Aid Nursing Yeomanry, even though she was only 15. To get in, she lied about her age and seems to have maintained the deception for the rest of her life.

Pak Nam-gi. Pak Nam-gi or Park Nam-ki (21 February 1934 – 17 March 2010) was, until as late as January 2010, Director of the Planning and Finance Department of the ruling party of North Korea. There are doubts about his date of birth, with at least two unattributed sources reporting it as 21 February 1934 or sometime in 1928 respectively.

William Shakespeare. William Shakespeare was the son of John Shakespeare, an alderman and a successful glover (glove-maker) originally from Snitterfield, and Mary Arden, the daughter of an affluent landowning farmer. He was born in Stratford-upon-Avon and baptised there on 26 April 1564. His actual date of birth remains unknown, but is traditionally observed on 23 April, Saint George's Day. This date, which can be traced to a mistake made by an 18th-century scholar, has proved appealing to biographers because Shakespeare died on the same date in 1616. He was the third of eight children, and the eldest surviving son.

List of Soul Eater episodes. Partial box sets (DVD only) Name Release date Discs Episodes Part One February 9, 2010 1 - 13 Part Two March 30, 2010 14 - 26 Part Three June 1, 2010 27 - 39 Part Four July 27, 2010 40 - 51

Conscription in Australia. In 1964 compulsory National Service for 20 - year - old males was introduced under the National Service Act (1964). The selection of conscripts was made by a sortition or lottery draw based on date of birth, and conscripts were obligated to give two years' continuous full - time service, followed by a further three years on the active reserve list. The full - time service requirement was reduced to eighteen months in October 1971.

Clara Morris. Clara Morris (March 17, 1849 – November 20, 1925) (her birth date is sometimes given as 1846/48) was an American actress.

Ratata (band). Ratata was a Swedish pop group fronted by Swedish vocalist Mauro Scocco formed in 1980. It functioned as a 4-piece band until 1983, when it was disbanded. But Johan Ekelund having played with the band briefly continued to cooperate with Scocco continuing as a duo until 1989. The duo had a brief comeback in 2002.

Yang Meng. Yang Meng was the third son of Yang Xingmi, a major warlord at the end of Tang Dynasty as the military governor (""Jiedushi"") of Huainan Circuit (淮南, headquartered in modern Yangzhou, Jiangsu). It is not known when he was born, although his immediately older brother Yang Longyan was born in 897 and his immediately younger brother Yang Pu was born in 900, placing a timeframe on his birth date. His mother's name was not recorded in history.

Mauro Scocco. Mauro Scocco (born 11 September 1962) is a Swedish pop artist of Italian descent. He has been described as ""one of the sharpest songwriters in Sweden"". Scocco was the singer for the pop group Ratata (1980–83) transformed into a duo with Johan Ekelund (1983–89). After Ratata, Scocco has continued as a solo artist since. In 2014, he cooperated with Plura Jonsson releasing a joint album as ""Mauro & Plura"".",2308
2hop__635544_110949,What is the date of birth of the person who was part of Ratata?,style,paraphrase,0,Paraphrase this.,1,"Shirley Abicair. Born in Melbourne, Victoria, Australia, Shirley Abicair’s exact birth year is disputed—some records suggest 1935, while a contemporary account indicates she was 23 or 24 when she arrived in Britain, suggesting she was likely born earlier, around the late 1920s. She was the sole daughter of a Royal Australian Air Force Wing Commander.

Anno Domini. The Anno Domini calendar system begins with the assumed year of Jesus of Nazareth’s birth and numbers years as AD for those after and BC for those before, with no year zero in between. Developed by Dionysius Exiguus in 525, the system only gained widespread use after the year 800.

Švitrigaila. Švitrigaila, son of Algirdas, Grand Duke of Lithuania, and Uliana of Tver, had an uncertain birth date. First appearing in a political context in October 1382, likely as a teenager, he asserted, in a later complaint, that he and his brother Jogaila were considered favorites by their father. Upon Algirdas's death in 1377, he designated Jogaila as his successor but made Jogaila promise to eventually make Švitrigaila his heir, a commitment that the brothers’ representatives later said had been mutually altered.

Natural-born citizen clause. The U.S. Constitution refers to the “natural born Citizen” without a formal definition. According to most early 21st-century legal experts and case law, natural born citizens are typically those born in the United States, though individuals who became U.S. citizens at birth, regardless of location, are also considered natural born citizens. All U.S. presidents up to that point were either U.S. citizens when the Constitution was adopted or born in the United States, and several had at least one parent who was not a U.S. citizen at birth.

Australia Day. The way Australians observe and interpret Australia Day has changed throughout history. Early references included terms like “Anniversary Day,” “Foundation Day,” and “ANA Day.” The holiday marks the 1788 British declaration of control over Australia’s eastern coast, initially called New Holland. The first recorded public celebrations occurred in 1808, with the first official celebration in 1818. The nation’s first unified national public holiday on this date was established in 1935, and uniform observance as a public holiday across all states and territories occurred in 1994.

Giovanni Cifolelli. Giovanni Cifolelli, an Italian mandolin virtuoso and composer, had an unknown birthplace and birth year. In 1764, he showcased his skills as a mandolin player in Paris, gaining acclaim for both his performances and teaching. His instructional book on the mandolin achieved great popularity across France.

Maureen Payne. Maureen Payne (died 1997, South Africa) was a South African cricketer and captained the national team during their second series, against New Zealand in 1971–1972. She played in five Test matches for South Africa and took eight wickets.

Episodes of Dragon Ball Super. The anime aired in four parts:
- Part One: July 25, 2017, episodes 1–13
- Part Two: October 3, 2017, episodes 14–26
- Part Three: February 20, 2018, episodes 27–39
- Part Four: July 27, 2010, episodes 40–51

Joe Lovano’s “Streams of Expression.” Joe Lovano’s 20th studio album for Blue Note, “Streams of Expression” (2006), includes a five-part suite of the same name, a three-part “Birth of the Cool Suite” inspired by Miles Davis’s nonet recordings from 1948 and 1950, and three other shorter pieces. The “Birth of the Cool Suite” was led by Gunther Schuller.

Pir Syed Muhammad Binyamin Rizvi. Pir Syed Muhammad Binyamin Rizvi (born August 15, 1959; died June 24, 2004) was a Pakistani politician and the eldest son of Pir Syed Mohammad Yaqoob Shah, a respected religious leader and provincial assembly member. He was killed in Lahore in 2004 and is buried beside his father in Phalia.

Clara Morris. Clara Morris (March 17, 1849 – November 20, 1925; sometimes cited as 1846 or 1848) was an American actress.

Ratata (band). Ratata, a Swedish pop group led by Mauro Scocco, was formed in 1980. The band had four members until 1983, after which it became a duo with Johan Ekelund, continuing until 1989. The duo reunited briefly in 2002.

Yang Meng. Yang Meng, son of Yang Xingmi—a powerful warlord and military governor of Huainan during the late Tang Dynasty—had an unknown birth date. His older brother, Yang Longyan, was born in 897, and his younger brother, Yang Pu, in 900, narrowing the possible years of Yang Meng’s birth. His mother is not identified in historical records.

Mauro Scocco. Mauro Scocco (born September 11, 1962), a Swedish pop singer of Italian heritage, is recognized as one of Sweden’s leading lyricists. He fronted Ratata from 1980 to 1983, then performed as a duo with Johan Ekelund until 1989, and resumed his partnership with Plura Jonsson in 2014, releasing an album together called “Mauro & Plura.”",1184
2hop__635544_110949,What is the date of birth of the person who was part of Ratata?,style,paraphrase,0,Paraphrase this.,2,"Shirley Abicair was born in Melbourne, Australia, though the exact year is uncertain, with some sources stating 1935 and others, based on her age upon arriving in Britain, suggesting she was probably born in the late 1920s. She was the only daughter of a Royal Australian Air Force Wing Commander.

Anno Domini reckoning. This dating system, which starts from the supposed year of Jesus Christ’s birth and labels years as AD or BC, omits a year zero between the two eras. First devised by Dionysius Exiguus in 525, its universal adoption did not occur until after the year 800.

Švitrigaila, a Lithuanian noble. As the son of Algirdas, Grand Duke of Lithuania, and Uliana of Tver, Švitrigailas’s birth year is not precisely known. He emerged on the political scene in October 1382, probably in his teens, and later claimed that he and his brother Jogaila were both seen as favorites by their father. Following Algirdas’s death in 1377, Jogaila was named successor but allegedly agreed, with Švitrigaila, to eventually transfer the succession to Švitrigaila, though this arrangement was later contested by their representatives.

Natural-born citizen requirement. The U.S. Constitution refers to the “natural born Citizen” without providing a formal definition. By the early 21st century, most legal authorities and court decisions defined natural born citizens as those born in the United States, or those who became citizens at birth anywhere. Up to that time, every U.S. president was either a citizen at the Constitution’s adoption or born in the United States, and some had at least one parent who was not a U.S. citizen at birth.

Observance of Australia Day. The significance and celebration of Australia Day have evolved since the first official commemorations. The day originally marked the British takeover of Australia’s eastern seaboard in 1788, which was then called New Holland. The earliest documented public celebration took place in 1808, with the first government-sanctioned observance in 1818. The entire nation began uniformly celebrating the day as a public holiday in 1935, and it was not until 1994 that all states and territories participated.

Giovanni Cifolelli. The birthplace and exact year of Giovanni Cifolelli, an accomplished Italian mandolin player and composer, are unknown. He demonstrated his talent in Paris in 1764 and became renowned both for performing and teaching the mandolin. His instructional works on the instrument became highly popular in France.

Maureen Payne. Maureen Payne (d. 1997, South Africa) was a cricketer from South Africa and captained the women’s national team during their second series, played against New Zealand in 1971–1972. She appeared in five Test matches and took eight wickets.

Broadcast history of Dragon Ball Super. The anime series premiered in four installments:
- First part: July 25, 2017, covering episodes 1 to 13
- Second part: October 3, 2017, with episodes 14 to 26
- Third part: February 20, 2018, comprising episodes 27 to 39
- Fourth part: July 27, 2010, featuring episodes 40 to 51

Pir Syed Muhammad Binyamin Rizvi. Born on August 15, 1959, and deceased on June 24, 2004, Pir Syed Muhammad Binyamin Rizvi was a Pakistani politician and the eldest son of Pir Syed Mohammad Yaqoob Shah, a respected religious leader and provincial assembly representative. Rizvi was murdered in Lahore in 2004 and is interred next to his father in Phalia.

Clara Morris. Clara Morris, an American actress, lived from March 17, 1849 to November 20, 1925, though some sources list her birth year as 1846 or 1848.",842
2hop__635544_110949,What is the date of birth of the person who was part of Ratata?,style,paraphrase,0,Paraphrase this.,3,"Shirley Abicair was born in Melbourne, Australia, but her exact birth year is debated, with some records indicating 1935 and others, based on her age when she moved to Britain, suggesting a birth in the late 1920s. She was the sole daughter of a Royal Australian Air Force Wing Commander.

Anno Domini calendar. This method of dating counts years from the traditionally recognized year of Jesus Christ’s birth, labeling them as AD or BC, and skips a year zero between the two periods. It was originally developed by Dionysius Exiguus in 525, but it did not gain widespread use until after 800.

Švitrigaila, a Lithuanian aristocrat. As the offspring of Algirdas, Grand Duke of Lithuania, and Uliana of Tver, Švitrigaila’s exact birth year remains unclear. He came to prominence in October 1382, likely a teenager, and claimed he and his brother Jogaila were both regarded as favorites by their father. After Algirdas died in 1377, Jogaila was chosen as successor, though there was a private agreement between the brothers to eventually let Švitrigaila take the throne—a plan that was later disputed by their representatives.

Definition of natural-born citizen. The U.S. Constitution refers to the term “natural born Citizen” without formally defining it. By the early 21st century, most legal experts and court rulings interpreted it as someone born in the United States or as a citizen from birth anywhere. Up to that point, all U.S. presidents were either citizens when the Constitution was written or born in the United States, and several had at least one parent who was not a U.S. citizen at birth.

Australia Day commemorations. The way Australia Day is observed has changed since its earliest official celebrations. Initially, it marked the British colonization of Australia’s east coast in 1788, then known as New Holland. The first public celebration is documented from 1808, and the government began officially recognizing the day in 1818. It was not until 1935 that the whole country celebrated Australia Day as a public holiday, and it wasn’t until 1994 that all states and territories took part.

Giovanni Cifolelli. The birthplace and exact date of Giovanni Cifolelli, a noted Italian mandolin performer and composer, are not recorded. He showcased his skill in Paris in 1764 and became famous for both performing and teaching the mandolin, with his instructional materials gaining much popularity in France.

Maureen Payne. Maureen Payne (died 1997, South Africa) was a cricketer from South Africa who captained the women’s national team in their second series, against New Zealand in 1971–1972. She played in five Test matches and took eight wickets.

Transmission timeline of Dragon Ball Super. The anime debuted in four separate arcs:
- First arc: July 25, 2017, encompassing episodes 1 to 13
- Second arc: October 3, 2017, covering episodes 14 to 26
- Third arc: February 20, 2018, for episodes 27 to 39
- Fourth arc: July 27, 2018, including episodes 40 to 51

Pir Syed Muhammad Binyamin Rizvi. Born on August 15, 1959, and died on June 24, 2004, Pir Syed Muhammad Binyamin Rizvi was a Pakistani politician and the eldest son of Pir Syed Mohammad Yaqoob Shah, a revered religious figure and former provincial assembly member. Rizvi was assassinated in Lahore in 2004 and buried beside his father in Phalia.

Clara Morris. Clara Morris, an American actress, lived from March 17, 1849, to November 20, 1925, though some references list her birth year as 1846 or 1848.",824
